lat,lat_dir,long,long_dir,1950,1951,1952,1953,1954,1955,1956,1957,1958,1959,1960,1961,1962,1963,1964,1965,1966,1967,1968,1969,1970,1971,1972,1973,1974,1975,1976,1977,1978,1979,1980,1981,1982,1983,1984,1985,1986,1987,1988,1989,1990,1991,1992,1993,1994,1995,1996,1997
0,N,105,E,,,,,,,,,,,,,,,,,,,,,,,,,,,,,,,,,,,,,,,,,,,,,,,,
0,N,110,E,,,,,,,,,,,,,,,,,,,,,,,,,,,,,,,,,,,,,,,,,,,,,,,,
0,N,115,E,,,,,,,,,,,,,115.055,,,,,,157.137,,,,,,,317.622,,,,72.167,92.234,348.372,,,,,,,,,,,,,,,,
0,N,120,E,,,143.179,,,,,,,,,,398.706,362.988,229.655,322.773,,,136.523,399.926,525.252,563.448,605.676,697.368,818.2,2154.713,823.46,1189.188,2044.862,2476.045,1902.2,2627.3,1969.807,2077.212,1718.76,2030.496,2242.908,3293.028,3231.42,3446.784,2220.828,2261.88,2619.828,2526.54,2731.044,2904.192,4322.22,3248.904
0,N,125,E,,,,,,,,303.291,379.92,184.575,230.505,295.699,847.095,96.027,,206.595,187.494,,,113.782,569.222,564.786,607.388,698.679,787.069,1260.528,727.415,1192.838,1483.398,2249.401,2904.964,2139.962,2167.214,2414.068,2208.888,2437.028,2668.048,3880.291,4006.445,4127.334,3045.048,3014.938,3512.194,3404.667,3580.86,3859.05,5838.864,4436.647
0,N,130,E,,,1288.488,1005.383,294.425,,675.463,,2172.874,1760.747,1784.994,2356.122,1538.329,1394.568,947.667,1525.713,2269.523,1525.468,1751.538,1536.588,1679.482,1770.836,875.41,3013.068,3709.786,3873.854,5008.745,3437.416,4844.087,6659.414,5650.344,3870.605,2477.83,2835.235,2729.744,2272.232,1884.1,2558.113,2927.786,2861.673,4084.256,2997.213,4403.365,3383.012,3368.624,3755.588,3987.092,3732.6
0,N,135,E,202.405,,2615.341,634.878,736.806,589.292,825.375,191.396,458.532,793.574,1873.675,2529.884,2427.677,2716.191,652.263,1293.139,1111.757,768.891,1617.634,155.848,492.309,54.402,425.893,1304.866,1840.401,1331.333,2293.387,1619.322,3634.376,3354.103,3902.211,2280.181,566.183,2679.852,1078.073,1116.772,434.745,344.942,666.431,2189.572,2465.758,1254.054,1391.341,2067.442,2167.669,1270.819,2452.601,2180.62
0,N,140,E,197.664,,1609.751,91.459,923.054,1071.127,1635.325,1101.093,919.309,316.785,2302.364,1717.599,1071.35,1905.637,382.34,1618.459,1126.097,831.004,464.263,1654.66,380.823,984.048,2355.503,1704.981,2087.034,2158.959,2257.213,4201.418,5587.712,3964.723,3306.114,1574.333,1347.429,2525.041,2164.738,3267.14,649.153,671.581,992.711,1642.294,2516.82,1452.151,1583.848,1564.069,2083.925,1095.655,1016.687,1464.164
0,N,145,E,392.011,157.345,462.212,,95.157,704.012,690.061,547.679,1132.929,105.815,565.415,2166.546,516.778,1223.613,376.364,1405.525,1337.717,748.783,237.278,814.652,432.268,1532.227,1068.57,2089.54,1648.895,1217.264,1832.776,2782.24,3557.716,4807.033,5194.296,2104.879,2221.685,2404.862,2739.245,4057.484,1628.155,1604.235,1637.228,2738.993,3543.272,1934.029,2543.949,2206.49,3233.338,1640.045,1152.519,2253.983
0,N,150,E,437.752,491.759,,467.268,264.364,1015.604,1227.05,1229.469,1700.644,363.1,1006.497,4277.022,1068.841,3125.275,996.332,1183.573,2030.782,1344.493,171.017,1955.431,282.209,1390.284,1906.921,1493.157,492.48,555.369,885.07,4001.398,3435.942,5381.255,7246.309,3612.334,2942.901,1279.616,2324.979,3233.162,1651.743,1570.167,1504.024,2081.295,4903.9,1508.145,2454.223,2730.445,5335.731,2994.752,2528.616,3907.7
0,N,155,E,1127.39,1853.486,215.293,1344.67,104.125,694.494,1412.326,899.21,1143.398,,1121.617,3968.702,1387.558,1793.629,639.115,567.602,3010.99,840.147,1237.877,2683.81,647.985,1468.04,1836.918,2111.676,414.893,833.09,2208.119,3356.379,3259.679,5428.798,4462.858,2164.649,1967.749,1309.219,2523.085,1986.623,607.597,1455.56,2925.212,2962.577,4186.228,1965.856,2862.575,2406.344,3878.739,3253.326,4214.632,3056.351
0,N,160,E,477.788,1290.235,,1166.537,,365.301,118.299,2429.566,2614.735,409.304,990.057,2405.819,2089.7,2871.653,1075.111,638.042,2827.04,1495.613,2238.407,2886.028,1282.824,1288.059,2447.134,1772.224,939.963,1891.828,2312.349,1708.472,1671.303,3645.8,1891.742,1145.527,2499.987,2985.98,3801.491,2272.483,1604.189,3458.326,1582.771,3965.434,3811.848,1385.884,4200.571,1252.891,3522.883,2145.987,2545.967,2519.063
0,N,165,E,812.394,789.567,,169.186,,,,4000.533,1370.994,991.524,1199.899,2201.816,1152.808,3656.065,680.432,205.844,3993.428,1346.053,1220.907,2162.286,831.267,1800.175,5452.344,3299.99,2265.656,1361.441,3419.121,2867.402,2638.817,3555.052,3024.633,2582.133,3906.673,2004.481,1696.787,1199.047,232.984,1272.017,717.723,1396.145,1998.835,800.665,4470.888,835.171,1856.824,1581.825,4250.537,1160.395
0,N,170,E,,,208.341,,,287.905,98.248,2246.039,441.396,,745.105,239.267,95.882,2529.142,335.342,274.07,1140.556,375.065,528.586,900.99,220.119,562.396,2237.598,748.44,711.373,875.346,1188.82,1206.666,694.029,1566.113,2767.345,949.287,2049.664,735.757,1963.409,156.466,221.417,1120.426,81.946,1199.107,1018.909,164.777,4313.933,1007.343,2894.99,2362.529,3001.065,907.87
0,N,175,E,,,,1907.631,,112.297,,435.852,807.068,1140.564,470.46,255.314,911.853,936.017,383.837,1842.019,437.982,911.772,912.588,425.246,304.095,696.195,1603.405,197.532,652.994,869.033,1253.218,2018.353,871.278,1438.537,2336.486,831.304,4579.841,6140.334,2486.86,3159.12,3844.594,4928.758,2135.025,1762.739,2181.265,1642.355,3579.473,1474.531,1523.548,2015.089,5303.548,6983.258
0,N,180,W,,,700.204,2644.404,122.026,1058.855,112.549,1285.83,2828.84,1719.632,492.857,2624.521,805.677,2223.949,1064.797,1942.898,511.983,457.612,569.34,913.458,760.075,640.353,854.936,140.194,321.029,473.233,1402.423,1866.689,980.975,1341.961,2039.302,260.668,838.718,681.552,330.488,150.909,,215.232,108.606,316.06,376.872,201.979,821.138,139.716,294.397,546.018,136.043,280.232
0,N,175,W,,,447.045,680.325,483.838,285.289,245.879,912.198,2868.365,1163.92,1403.245,1579.197,1228.721,2045.501,776.908,906.375,884.899,629.43,407.006,243.819,834.427,977,1203.908,376.945,413.048,123.185,1541.624,1123.911,1520.092,3195.074,1899.798,856.848,1981.513,1551.884,1574.97,663.242,401.154,1304.335,337.586,1192.398,856.047,482.492,2258.931,554.757,827.474,2290.791,1186.998,1577.775
0,N,170,W,,,200.133,1385.128,,,,704.542,2928.21,1668.192,520.31,2178.849,1243.736,1276.569,305.045,781.242,552.107,462.294,300.597,153.911,564.509,857.457,2049.197,432.723,412.035,412.073,1439.926,780.668,1437.924,3099.298,1616.692,861.619,1704.515,805.139,985.852,501.28,513.001,1916.123,1026.622,770.884,778.814,561.216,1774.37,675.134,1055.452,1506.558,855.681,1360.571
0,N,165,W,,,451.996,404.434,,,,256.495,415.964,1795.112,481.166,1924.29,438.768,2189.616,,1228.213,330,1055.274,704.287,663.299,1444.81,1166.537,1634.913,74.843,322.54,179.122,1894.458,421.263,871.453,2182.676,1195.164,758.146,529.628,173.572,1188.826,705.044,66.181,1376.283,678.755,548.647,403.72,242.28,395.921,236.789,313.469,385.201,1062.872,940.579
0,N,160,W,,,,,,,254.096,608.698,,126.619,,1346.495,239.144,1541.844,256.319,1079.626,452.931,1141.047,934.233,1116.908,1108.897,989.015,2403.133,104.351,605.54,142.922,2535.012,716.343,476.513,429.639,761.931,1456.675,777.426,96.417,1262.942,1340.979,1328.263,1762.977,736.732,569.049,1074.467,258.214,215.186,454.446,1186.777,1330.564,1587.178,1328.294
0,N,155,W,,,,,,,,345.21,,207.826,,822.188,668.018,2134.365,863.207,1723.778,,1003.891,664.795,848.626,992.683,1290.241,2986.125,248.573,766.626,522.514,1350.677,1433.129,218.712,994.608,762.667,393.925,3028.921,241.741,1794.304,2462.928,3321.6,2444.496,424.504,2020.923,1455.205,1261.228,715.194,1624.572,2133.394,1417.712,1487.765,1854.075
0,N,150,W,,,,,,,,,,,,,,,,,,,,,,,,,,,,,,,,,,,,,,,,,,,,,,,,
0,N,145,W,,,,,,,,,,,,,,,,,,,,,,,,,,,,,,,,,,,,,,,,,,,,,,,,
0,N,140,W,,,,,,,,,,,,,,,,,,,,,,,,,,,,,,,,,,,,,,,,,,,,,,,,
0,N,135,W,,,,,,,,,,,,,,,,,,,,,,,,,,,,,,,,,,,,,,,,,,,,,,,,
5,N,105,E,,,,,,,,,,,,,,,,,,,,,,,,,,,,,,,,,,,,,,,,,,,,,,,,
5,N,110,E,,,,,,,,,156.886,120.855,,471.781,982.404,688.562,362.469,1349.367,454.656,1753.042,1170.232,1346.065,1355.459,1442.825,1588.259,1637.31,1099.229,1315.06,1430.847,810.224,704.993,812.052,642.778,558.717,621.452,527.248,500.965,417.988,304.195,514.38,558.566,438.519,410.015,445.833,449.456,564.885,318.858,490.361,338.197,550.636
5,N,115,E,,,,,,,,,,,,,,,,159.366,,404.396,124.475,386.497,140.263,158.814,265.201,384.76,165.361,168.669,194.094,,,,,,,,,,,,,,,,,,,,,
5,N,120,E,,,,,,,,,,,,,,,,,,,,,233.44,313.03,269.192,309.944,392.877,665.468,611.447,905.098,730.788,676.143,261.92,508.532,612.694,719.316,454.667,595.52,652.536,1297.339,1077.958,1098.624,94.736,57.93,58.956,41.116,38.292,59.728,41.348,58.435
5,N,125,E,,,301.809,,,,,,695.937,347.065,834.171,747.156,1173.782,635.692,1126.735,1329.974,1854.873,1131.246,1243.915,1563.648,1708.504,1855.511,1923.958,2552.52,3010.949,5028.937,3867.209,3630.258,3130.418,2871.653,2636.514,2216.744,2312.139,2422.262,2073.748,1846.713,1642.554,2838.572,2868.798,2519.454,1430.985,1516.678,1505.968,1473.854,1113.463,1747.323,1170.625,1632.698
5,N,130,E,,,894.788,1767.294,470.749,410.238,334.709,519.845,2419.965,2696.955,2009.318,2202.422,2619.167,1677.516,1895.034,3406.01,3862.177,2320.052,2949.049,2946.292,2855.179,3115.132,3322.168,4524.415,5457.871,6838.078,6479.948,5345.357,5095.386,4655.414,4287.943,3494.198,3503.546,3667.956,3555.171,2660.57,2136.101,3257.845,3807.011,3686.124,5548.389,3841.395,3580.218,3770.575,2789.343,4334.134,3867.91,4127.308
5,N,135,E,,,869.067,851.219,477.172,561.764,317.601,623.849,1588.374,3422.678,1936.756,1269.166,1064.703,282.846,478.654,1622.284,1007.934,438.905,950.918,386.584,567.989,748.648,121.134,771.147,1409.357,1535.251,1529.839,630.532,2724.175,500.39,160.091,611.649,179.653,176.301,407.338,188.265,101.026,482.845,557.742,1084.007,2284.344,2531.926,3241.373,4569.63,2399.518,4620.495,1563.307,926.005
5,N,140,E,,,761.555,185.556,237.808,313.148,201.031,526.158,696.038,2169.139,1951.829,1744.853,938.968,665.709,272.755,1285.435,1275.709,851.117,773.701,1166.734,389.694,512.707,441.76,703.412,1166.521,2005.604,684.546,1023.323,2185.821,682.202,359.271,736.588,245.012,542.856,1396.899,1069.794,372.421,310.049,390.962,684.608,761.304,805.518,2283.224,3079.979,2537.405,3313.693,1048.22,682.369
5,N,145,E,,,246.358,,,130.094,79.637,440.894,,1547.175,1210.081,910.587,811.775,48.122,403.9,489.17,1178.063,664.244,578.728,1035.63,655.894,290.992,670.495,753.238,741.013,1215.658,749.764,1075.179,1004.544,770.429,938.486,2121.167,746.254,1000.241,1693.866,1430.431,1368.007,1132.348,535.061,853.963,912.772,965.31,848.276,991.369,428.807,1781.574,743.616,865.339
5,N,150,E,102.226,,110.264,1833.024,470.087,654.698,374.513,695.967,1359.204,3784.796,1509.734,2162.247,1728.447,879.118,277.25,1002.783,985.898,990.029,1163.118,2037.925,1218.596,520.924,1234.638,936.104,447.84,1105.226,695.908,2096.829,1590.127,1101.352,1370.386,2910.157,588.783,362.188,1250.729,853.91,767.107,831.739,1138.572,865.724,953.501,905.234,891.816,2533.199,2121.7,3675.698,775.046,1314.121
5,N,155,E,97.963,,173.02,1115.677,,176.253,511.949,2166.985,2232.08,3992.899,1975.003,1706.545,1602.812,2263.703,1465.401,1618.034,2292.479,1746.745,1205.867,2571.956,1292.768,350.563,1129.915,788.492,451.939,1301.019,892.49,1773.109,2426.461,1701.371,1134.895,1948.703,739.551,200.558,1160.357,662.181,881.44,755.316,1447.358,772.174,1143.931,1198.008,1118.336,2287.537,5641.901,5906.079,2586.726,1646.585
5,N,160,E,,,,992.717,,711.57,124.872,2452.775,2261.253,2512.963,1663.454,925.516,1596.898,1391.157,1364.621,1430.759,1489.617,1538.667,1069.304,1887.097,1290.316,214.19,1583.525,500.023,588.968,992.458,894.288,887.04,789.463,755.922,536.716,1395.838,733.513,327.086,876.429,819.929,755.63,966.314,914.113,292.902,876.909,1099.33,338.737,785.726,2652.606,2630.203,581.634,418.372
5,N,165,E,,424.937,,799.088,113.772,196.059,117.867,1257.846,964.232,1264.271,662.525,456.273,427.011,239.635,67.002,152.57,1244.493,701.542,236.586,968.439,1349.51,555.726,2187.228,761.082,1273.981,989.286,943.22,457.551,1120.828,690.501,511.336,1880.063,1049.3,604.104,302.634,973.341,754.955,1276.668,641.64,496.203,1033.13,453.106,635.696,723.315,2003.006,1696.808,1801.594,716.078
5,N,170,E,,684.337,923.763,1459.321,116.063,500.412,,1076.99,1572.069,1125.108,597.316,273.227,802.826,354.886,230.591,984.146,542.27,810.932,316.917,286.798,1121.723,655.471,729.865,663.485,312.327,588.854,305.528,410.757,240.054,228.319,438.621,622.328,253.679,1357.423,29.852,154.684,692.024,1712.79,115.474,108.059,512.96,291.728,602.064,442.999,1778.658,1529.363,2430.908,1495.316
5,N,175,E,,663.997,1064.244,1928.388,493.084,437.419,493.306,1192.969,1544.152,1073.414,390.612,610.136,996.886,566.965,934.247,3285.285,1679.459,1624.698,988.722,668.071,1596.707,1789.295,1615.29,669.526,993.353,963.779,409.363,852.778,531.068,385.945,889.108,122.67,605.787,2799.369,1165.746,2039.826,3428.848,6152.229,1820.472,718.896,1914.107,1021.167,1730.865,1470.779,386.878,475.217,1535.983,4410.56
5,N,180,W,,,1326.084,3880.946,236.319,252.734,96.624,2207.582,4111.155,645.665,424.067,1310.099,413.806,987.626,1375.052,839.488,655.285,293.611,229.938,502.703,1302.609,739.536,1382.947,435.189,178.698,2395.868,707.142,974.937,688.421,141.502,519.471,,469.359,1499.835,1404.521,1558.851,433.902,1034.937,96.162,35.094,309.415,97.824,475.716,814.934,334.177,678.271,493.494,301.724
5,N,175,W,,,2989.463,1480.576,359.535,464.932,555.03,825.647,3130.929,723.512,1001.972,537.191,572.144,1158.156,1643.226,334.003,592.117,144.479,60.952,181.181,788.69,725.729,1747.036,544.097,273.812,155.143,1042.65,1001.305,320.313,255.371,578.665,108.27,739.803,1736.196,2576.923,1295.034,1024.469,1525.187,217.639,266.732,618.976,181.592,507.954,407.547,1016.523,785.209,820.52,169.435
5,N,170,W,,,827.448,608.762,,527.404,971.873,466.07,2207.659,423.277,2794.814,697.771,799.13,671.17,1891.37,805.256,294.325,282.11,102.129,676.503,1490.87,1325.751,1228.29,561.329,676.456,237.688,652.012,929.846,595.981,372.069,472.884,,203.653,817.222,518.925,427.565,523.117,1135.773,165.008,,299.626,151.629,636.917,299.786,891.448,669.422,314.732,274.804
5,N,165,W,,,,,,,1343.073,963.408,1915.685,598.699,1738.67,2153.458,1624.824,546.557,1780.051,900.852,547.204,1568.77,482.64,1340.156,1927.359,869.42,1199.425,724.945,988.706,730.68,611.255,603.866,267.405,375.616,308.777,48.332,48.086,,586.909,,,108.418,127.103,98.799,,,,,150.665,44.3,122.988,83.123
5,N,160,W,,,,,,123.311,174.788,464.596,193.149,,644.414,3095.692,2100.184,1269.827,2061.814,229.344,1013.239,970.318,111.351,1690.808,1121.847,643.581,1205.652,1603.1,940.471,619.701,793.267,805.051,57.057,557.634,172.693,98.788,247.452,363.103,1758.667,2203.673,541.387,1375.233,839.672,587.169,2319.73,334.948,836.646,617.972,2016.966,1646.399,1437.118,1503.518
5,N,155,W,,,,,,231.764,145.977,553.677,,141.748,479.344,1851.126,893.885,838.098,2034.522,762.329,697.048,1004.839,666.294,2272.024,2154.825,1863.42,1084.546,1637.054,1572.193,537.611,1138.955,1318.516,398.006,1437.26,453.806,469.078,682.344,885.382,1385.391,2233.183,764.066,813.833,979.341,1422.913,625.805,383.742,1695.021,1103.717,1201.233,1625.183,774.841,500.773
5,N,150,W,,,,,,,,,,,,,,,,,,,,,,,,,,,,,,,,,,,,,,,,,,,,,,,,
5,N,145,W,,,,,,,,,,,,,,,,,,,,,,,,,,,,,,,,,,,,,,,,,,,,,,,,
5,N,140,W,,,,,,,,,,,,,,,,,,,,,,,,,,,,,,,,,,,,,,,,,,,,,,,,
5,N,135,W,,,,,,,,,,,,,,,,,,,,,,,,,,,,,,,,,,,,,,,,,,,,,,,,
5,S,105,E,,,,,,,,,,,,,,,,,,,,,,,,,,,,,,,,,,,,,,,,,,,,,,,,
5,S,110,E,,,,,,,,,,,,,,,,,,,,,,,,,,,,,,,,,,,,,,,,,,,,,,,,
5,S,115,E,,,,,,,,,,,,,,,,,,,,,,,,,,,,,,,,,,,,,,,,,,,,,,,,
5,S,120,E,,,,,,,,,,,,,,,,,,,,,,,,,,,,,107.51,180.656,948.204,1113.936,1199.532,1331.016,1504.872,1610.772,1685.448,1912.284,2280.228,2398.44,2728.824,2784.096,3257.292,3121.98,3399.228,3629.592,5524.956,4094.784
5,S,125,E,,,,,,,,,,,,,,,,,,,,,268.788,,,,,,,,258.024,406.5,1422.3,1670.904,1799.292,1996.548,2257.296,2416.164,2528.16,2868.444,3420.336,3597.648,4093.236,4176.168,4885.956,4682.964,5098.848,5444.388,8287.416,6142.188
5,S,130,E,,,,,,,,,,,,,,,,,,,,,125.822,,,,,,,,10.751,33.876,395.07,556.968,599.772,665.52,752.424,805.38,842.724,956.148,1140.12,1199.208,1364.412,1392.048,1628.652,1560.984,1699.62,1828.811,2762.46,2047.404
5,S,135,E,,,654.581,234.193,,192.501,258.257,,,,,,236.797,,,,,,,,,,,625.397,,181.323,,,,,,,,,,,,,,,,,,,,,,
5,S,140,E,,,653.417,158.787,539.927,,1736.249,1478.176,276.871,292.341,602.123,99.575,621.02,85.463,,,117.455,,96.727,49.652,,,85.508,783.45,,264.481,117.397,254.841,264.459,,528.777,2272.758,1311.648,1514.012,115.462,494.653,81.387,,,,,,,26.645,,39.31,,
5,S,145,E,,,170.073,299.462,637.308,198.509,1813.466,1413.094,1133.173,,2499.686,866.003,1966.811,155.826,,,563.681,429.866,496.907,65.819,,745.956,572.592,1054.105,1045.211,494.31,1112.518,921.654,2152.574,392.793,3935.793,3383.213,3221.986,2260.347,955.457,2158,1067.895,270.354,,,,,,54.071,,75.229,,
5,S,150,E,,,327.466,138.337,447.562,,133.223,530.316,491.745,303.922,,1879.819,1221.58,495.4,583.199,113.583,637.94,260.062,966.197,81.999,,1151.728,738.454,1703.72,923.855,369.414,587.41,1020.597,1432.173,179.62,3469.473,2508.778,1859.979,767.476,772.619,1445.366,868.394,1.243,1.315,,59.186,,1.496,,,,,
5,S,155,E,,,578.738,1006.266,,,,613.407,251.552,617.194,896.254,2026.737,797.201,884.374,1226.377,245.753,1812.812,174.395,2015.553,590.715,170.601,1933.119,455.465,2154.929,392.051,879.304,1379.27,3493.301,2934.201,2485.561,1587.199,2947.997,3978.811,526.509,781.922,2324.329,314.342,,,,385.921,156.704,,81.742,24.665,93.742,,
5,S,160,E,,,758.468,,,,1194.766,1651.36,2365.54,399.659,1421.585,1038.631,969.653,420.245,3440.881,193.512,1793.282,75.09,1664.415,97.952,626.112,1531.403,930.627,657.727,716.377,824.27,502.668,2053.437,1856.727,1390.491,1646.855,597.753,1592.99,973.491,1305.532,1979.7,177.721,1151.281,1440.358,3090.447,3123.565,673.141,1303.196,1092.819,1088.979,250.768,253.751,472.31
5,S,165,E,,,151.038,,,,130.592,838.547,733.953,679.438,2088.923,1024.193,1680.896,1251.893,3488.111,346.482,2785.794,138.835,1001.954,1099.127,584.677,935.379,921.163,299.091,337.346,457.639,1301.799,2600.001,2279.181,1361.584,2421.842,191.847,1151.277,270.161,546.032,943.105,51.06,394.029,910.068,1887.825,1499.616,,981.917,1348.501,608.964,473.556,630.102,911.752
5,S,170,E,,,,,,585.501,903.235,2884.733,2373.44,2239.815,4946.661,1322.348,1496.493,700.197,1056.379,185.408,1692.889,477.036,143.091,170.993,,131.024,718.988,153.005,125.731,232.21,935.052,1870.51,1232.152,1530.398,2357.818,516.296,1760.501,805.759,753.093,1129.592,147.954,101.41,2021.226,1953.511,861.409,276.084,1005.898,1108.537,724.929,1178.355,1298.164,1483.486
5,S,175,E,,,,,,363.312,229.348,1626.863,1040.415,2042.288,1343.253,494.464,421.594,473.198,639.568,185.429,1100.22,187.068,526.539,,65.847,89.231,239.339,49.393,238.997,263.204,536.967,1997.753,748.538,1676.388,2900.596,551.606,1622.153,2183.81,1606.896,2336.474,530.907,447.54,1764.613,1736.073,685.886,423.89,319.359,330.349,567.349,888.462,880.133,198.365
5,S,180,W,,,,,,447.693,,704.682,1238.458,1619.145,2571.796,585.047,481.138,777.806,481.124,582.803,1215.014,393.095,225.755,425.941,,238.954,188.77,65.978,,691.948,869.344,3066.669,763.935,1385.448,3222.318,668.369,900.403,1204.53,899.767,1568.045,281.597,502.281,1615.15,1532.699,581.483,409.172,1401.132,649.551,363.26,976.106,450.273,350.252
5,S,175,W,,,,,197.207,830.216,,358.849,824.869,203.507,799.875,967.497,1947.992,1342.608,488.287,241.276,457.266,776.788,964.9,1272.941,798.53,267.326,397.249,305.459,473.543,728.556,1572.759,2203.23,331.391,616.757,1799.565,811.414,1092.965,2010.104,1520.795,2376.403,169.831,659.691,771.813,840.459,478.803,170.3,1072.668,963.765,1626.108,493.507,836.354,1426.325
5,S,170,W,,,,,,600.603,,,583.36,300.256,192.332,,158.856,998.771,143.95,156.475,91.897,382.623,1196.509,567.146,709.246,107.659,607.396,537.231,334.087,2192.039,968.133,300.182,324.243,1610.886,1495.861,337.505,2218.924,1575.279,1312.491,1836.299,938.454,1061.852,987.415,1154.158,921.589,501.501,1719.793,1765.247,1575.081,702.21,833.995,2479.281
5,S,165,W,,,,,,191.614,351.203,,437.427,566.249,159.588,274.673,,1266.29,,586.379,86.979,432.134,1285.225,478.994,71.778,156.469,116.708,,123.44,3479.052,1265.648,118.914,357.967,2118.554,1551.448,338.699,1605.116,376.234,1374.849,1345.082,548.671,1226.958,770.225,912.092,942.916,568.692,1223.313,1858.203,1823.13,339.676,778.496,1280.362
5,S,160,W,,,,,,,,,268.228,323.4,,409.874,261.407,1281.006,62.982,1288.261,70.964,,1479.464,535.356,248.607,76.034,295.069,,211.227,1620.762,1490.939,299.118,602.26,1050.815,1370.164,844.081,728.615,328.703,788.038,1618.291,2171.998,1425.28,624.777,1148.368,1564.203,186.144,319.726,1459.31,1673.285,389.593,1140.425,2838.694
5,S,155,W,,,,,,,,,,,,806.781,145.427,1387.724,851.681,1280.155,358.545,,795.887,1153.303,73.858,541.895,698.707,,,2106.765,1557.017,379.267,888.971,932.866,1228.178,491.262,1082.517,225.898,934.065,2879.76,1961.787,1436.994,427.149,1522.46,2292.982,873.013,320.866,1948.69,3029.73,984.185,2615.786,2625.902
5,S,150,W,,,,,,,,,,,,,,,,,,,,,,,,,,,,,,,,,,,,,,,,,,,,,,,,
5,S,145,W,,,,,,,,,,,,,,,,,,,,,,,,,,,,,,,,,,,,,,,,,,,,,,,,
5,S,140,W,,,,,,,,,,,,,,,,,,,,,,,,,,,,,,,,,,,,,,,,,,,,,,,,
5,S,135,W,,,,,,,,,,,,,,,,,,,,,,,,,,,,,,,,,,,,,,,,,,,,,,,,
10,N,105,E,,,,,,,,,,,,,,,,,,,,,,,,,,,,,,,,,,,,,,,,,,,,,,,,
10,N,110,E,,,,296.606,524.187,321.568,136.945,,589.409,434.61,593.6,1020.845,763.489,1181.85,709.84,969.534,1276.868,2668.471,1968.959,2210.79,1647.691,2464.516,2086.475,2989.667,2722.949,3822.011,5268.778,3370.413,2660.833,2272.938,2420.003,1845.024,1845.245,1649.915,1585.459,1221.681,994.319,1442.376,1635.998,1310.41,1136.698,1415.714,1940.343,1307.554,1144.32,1686.581,1059.061,1605.722
10,N,115,E,,,,,117.127,,,,1267.315,899.428,990.673,1115.84,1575.92,1361.542,1149.513,1332.388,2001.178,2474.054,2923.615,3711.491,2594.508,2802.702,3620.313,5563.313,4892.727,7156.668,5880.856,5258.328,3705.942,3668.156,3487.945,2641.563,2818.494,2765.904,2624.708,2015.734,1509.778,2423.915,2723.882,2237.322,1888.774,2114.905,2493.459,2153.595,1596.107,2573.557,1759.571,2516.392
10,N,120,E,,,,,,,,,,,,,,,,,,,,,,,,,,,,,,,,,,,,,,,,,,,,,,,,
10,N,125,E,,,161.343,,93.375,,,,1255.099,936.152,1137.535,1317.528,1338.282,1069.16,1501.424,1682.145,1676.126,1853.53,2480.567,3012.017,2651.899,2504.806,2773.129,4477.798,7012.521,8252.637,6081.146,5506.993,4004.749,3966.258,4298.056,2879.239,2978.478,2925.632,2795.854,2184.937,1710.665,2672.883,2873.59,2452.278,2189.169,2396.872,2550.035,2370.632,2005.738,3004.258,2220.158,2738.781
10,N,130,E,,,120.233,,,,,1.628,128.246,,164.734,760.837,1416.121,712.136,853.853,1079.185,974.866,960.558,983.502,862.704,1505.326,785.535,1043.377,3307.5,5737.411,6134.464,4374.901,2915.773,3312.459,2180.372,1390.875,1117.478,997.972,1430.206,1308.694,1086.393,821.894,1014.652,1202.227,1237.738,1520.686,3030.666,1429.393,1349.545,2052.688,2132.476,2409.866,1200.991
10,N,135,E,,,,,,,,,,569.77,227.386,369.322,768.793,352.66,534.111,472.592,287.142,191.336,297.254,598.299,445.656,316.147,130.864,826.572,1952.117,2393.85,3281.688,2877.043,4525.285,1505.119,507.317,637.967,137.07,373.79,215.129,154.699,111.274,223.863,148.121,146.83,218.009,192.029,470.21,416.022,884.258,1355.698,268.91,275.017
10,N,140,E,,,,,,,,,,66.151,,255.232,304.641,74.407,338.333,332.536,152.76,4.635,140.049,3.568,21.617,20.608,30.536,171.841,893.842,1507.118,1740.213,3053.686,3277.868,1683.442,308.648,217.215,124.597,486.224,523.564,327.2,109.807,196.022,337.181,220.643,215.005,197.34,308.097,378.646,746.618,1384.393,354.531,165.868
10,N,145,E,,,,,,,,,,1485.485,299.887,,316.211,126.834,,192.073,75.857,122.139,129.485,290.85,182.092,37.312,68.545,163.96,852.207,938.003,476.297,3368.86,2131.086,1812.301,462.392,250.665,286.797,871.001,586.296,349.248,473.846,761.42,268.833,336.684,288.57,563.434,756.263,685.086,279.29,1539.47,738.676,317.414
10,N,150,E,,,,,,,,142.472,,1674.632,428.668,331.283,1627.838,338.481,255.936,510.865,,419.932,459.525,606.244,818.511,511.131,321.179,588.255,587.757,865.234,393.104,2769.858,2707.205,1171.357,986.924,489.242,191.436,276.576,544.542,475.341,626.704,977.992,1652.951,575.906,494.062,923.287,970.745,1705.222,552.32,1986.681,365.47,205.492
10,N,155,E,,,,,,,,,128.572,923.616,530.657,313.328,400.029,713.574,233.846,617.099,515.672,445.598,913.993,1102.106,1075.218,758.661,431.746,389.434,250.532,336.938,423.779,1244.469,1323.147,1339.465,1254.958,752.801,671.531,658.6,984.426,514.683,1418.536,916.091,2117.981,699.985,449.173,1368.253,1051.149,1109.912,636.06,757.232,159.549,82.29
10,N,160,E,,,,776.917,,,,,,247.106,479.552,111.953,1179.507,605.34,,482.14,461.236,216.736,87.677,192.12,641.769,,62.753,217.888,314.861,255.484,190.166,60.934,429.076,573.511,700.195,482.278,553.851,499.558,441.304,335.467,639.43,518.989,934.744,579.614,162.968,787.846,592.01,626.856,778.253,543.924,313.513,145.605
10,N,165,E,,,320.607,247.266,,,,96.705,215.911,415.698,290.342,,451.67,86.471,131.597,215.855,713.839,74.469,,90.404,720.165,319.653,231.631,405.978,463.248,354.221,422.37,141.739,591.081,111.548,307.609,206.438,179.878,433.012,263.767,64.737,545.08,162.674,265.621,71.81,44.427,265.752,104.3,213.485,311.331,175.366,,
10,N,170,E,,,1099.352,1082.065,,,82.132,95.111,866.494,1096.537,743.489,589.092,1471.599,487.695,903.831,1223.335,1718.575,783.156,241.13,452.634,1154.096,470.537,456.692,816.399,2217.234,1487.051,1214.027,396.3,1077.007,1036.834,846.615,752.68,790.154,364.959,677.273,827.507,2065.368,1659.964,1619.63,840.605,288.764,734.449,539.269,298.905,661.27,666.866,659.329,
10,N,175,E,,,1803.951,980.775,89.265,548.846,337.17,363.225,1241.148,1917.204,1010.203,384.534,1530.687,655.326,1355.278,1816.841,1339.668,1716.427,590.514,588.966,1931.357,841.969,438.939,1087.177,4186.734,2744.268,2310.34,657.941,1048.208,2490.547,2252.033,3371.716,760.645,610.894,1494.137,1555.151,4428.599,4628.837,4132.57,2634.001,1337.947,3671.746,1404.195,2731.13,2056.351,2541.212,2535.149,1411.685
10,N,180,W,,,3540.569,3423.296,,969.082,141.454,774.207,2034.11,2652.776,1491.244,3851.766,2202.322,901.545,1355.048,1024.389,792.315,734.914,424.699,418.668,1232.557,536.293,113.024,646.799,1972.334,1634.52,239.014,465.196,557.628,1158.582,616.639,1009.919,354.193,647.57,576.189,792.521,970.742,620.047,1046.71,762.455,441.351,491.152,321.491,624.473,701.494,513.859,113.89,145.59
10,N,175,W,,,2339.677,640.781,486.483,1100.125,101.571,,2471.203,2476.928,947.76,2302.781,2710.187,3173.026,1821.831,499.39,663.584,1087.845,295.494,504.726,1598.001,901.209,345.902,976.151,1816.079,1090.782,653.165,573.354,595.605,1349.789,1084.621,1427.479,737.17,507.753,939.963,814.696,1411.697,1737.082,2526.316,2079.262,1574.167,1364.115,743.655,994.855,962.022,956.948,412.137,95.592
10,N,170,W,,,1989.466,263.418,136.83,463.116,,139.68,1874.974,1391.727,939.261,2252.213,2892.111,4904.7,2550.762,693.855,469.122,1624.272,330.265,648.872,1433.951,1323.183,1213.707,1387.043,1581.424,839.811,1110.166,985.075,1619.291,1667.534,1613.275,943.789,672.007,362.056,908.179,890.15,1284.176,1434.982,2180.876,1258.358,939.454,1043.753,689.184,928.969,627.202,1063.02,636.395,822.225
10,N,165,W,,,491.042,,,,,,445.046,442.769,151.518,2478.266,3653.553,5151.078,2190.092,86.077,435.996,1032.796,163.914,126.854,1507.82,591.045,1823.772,2006.803,585.853,772.995,1512.2,269.877,1146.931,1029.468,1551.117,1309.73,1424.804,815.385,1109.849,1008.514,1081.726,1139.636,2357.658,2258.959,1166.202,865.162,761.971,1675.278,1497.123,2568.462,611.523,1288.521
10,N,160,W,,,,,,,,,,,,,5082.322,1952.906,1509.389,165.108,326.307,450.606,320.874,104.314,683.443,217.287,522.787,557.525,45.941,658.738,769.94,317.429,930.995,300.603,692.778,828.529,812.858,995.857,502.098,101.49,444.834,317.245,1603.151,1131.113,1987.25,1366.867,679.497,1862.598,583.894,632.384,494.766,730.091
10,N,155,W,,,,,,,,,,,,,831.801,,556.347,73.45,72.677,137.783,193.863,,823.601,55.035,76.782,84.252,,,,63.456,481.308,143.265,246.341,68.838,209.391,71.114,58.047,,72.878,496.969,1153.995,1286.458,883.405,652.162,226.989,115.144,200.631,59.653,92.374,114.948
10,N,150,W,,,,,,,,,,,,,,,,,,,,,,,,,,,,,,,,,,,,,,,,,,,,,,,,
10,N,145,W,,,,,,,,,,,,,,,,,,,,,,,,,,,,,,,,,,,,,,,,,,,,,,,,
10,N,140,W,,,,,,,,,,,,,,,,,,,,,,,,,,,,,,,,,,,,,,,,,,,,,,,,
10,N,135,W,,,,,,,,,,,,,,,,,,,,,,,,,,,,,,,,,,,,,,,,,,,,,,,,
10,S,105,E,,,,,,,,,,,181.618,,,,,,,,,,,,,,,,,,,,,,,,,,,,,,,,,,,,,
10,S,110,E,,,,,,,,,,,,,,,,,,,,,,,,,,70.204,,,,,,,,,,,,,,,,,,,,,,
10,S,115,E,,,,,,,,,,,,,,,,,,,,,,,,,,,,,,,,,,,,,,,,,,,,,,,,
10,S,120,E,,,,,,,,,,,,,,,,,,,,,,,,,,,,,,,,,,,,,,,,,107.918,,,,,,,
10,S,125,E,,,,,,,,,,,,,,,,,,,,,,,,,,,,,,,,,,,,,,,,,87.304,43.609,,,,,,
10,S,130,E,,,,,,,,,,,,,,,,,,,,,,,,,,,,,,,,,,,,,,,,,,37.183,376.892,,157.97,69.235,,
10,S,135,E,,,,,,,,,,,,,,,,,,,,,,,,,,,,,,,,,,,,,,,,,,,2297.8,1529.453,767.213,641.902,,
10,S,140,E,,,,,,,,,,,,,,,,,,,,,,,,,,,,,,,,,,,,,,,,,,,,,,,,
10,S,145,E,,,,,152.43,105.278,721.663,383.752,221.12,,,,452.498,,301.32,,127.416,148.728,,,,172.679,114.058,,,,,,,55.942,739.994,707.113,90.472,462.522,457.644,265.354,208.974,,,,,,,,191.179,68.804,,94.04
10,S,150,E,,,206.815,2150.103,1006.214,152.055,,2438.889,897.714,,273.37,444.833,2150.718,453.813,434.418,767.712,1164.737,111.056,73.27,103.769,123.01,512.225,209.413,977.962,,90.58,138.173,103.472,729.176,644.406,1548.021,1013.445,887.658,2094.894,1378.642,576.575,1993.896,64.05,,,,,,,164.032,1050.019,,
10,S,155,E,,,811.554,2072.487,141.509,,,1828.32,657.116,406.157,589.916,562.059,1275.9,431.003,,137.275,572.723,566.106,,,167.288,706.486,413.911,1856.868,448.978,714.913,344.327,931.577,400.119,3100.031,2651.924,2988.892,1530.239,1358.932,471.8,750.754,1274.98,134.228,2128.714,2154.239,1310.043,3351.597,756.632,242.05,671.248,1642.102,,1153.143
10,S,160,E,,,2084.455,985.602,,,235.897,264.819,368.877,110.374,802.456,373.236,1428.925,609.193,570.119,295.63,589.843,573.688,,,471.927,724.469,750.817,498.308,746.495,186.387,763.322,826.496,209.15,780.279,1200.162,1886.062,1853.312,271.699,187.685,1888.343,378.849,76.909,2789.727,1514.328,1362.036,980.867,812.577,547.084,1682.594,2269.354,623.505,1442.434
10,S,165,E,,,201.93,,,,,,,,,84.881,423.009,,123.607,,928.81,80.038,154.977,248.489,861.782,421.881,207.092,453.029,413.189,173.155,1524.652,1260.697,577.831,544.185,2222.945,536.211,1235.16,239.838,31.49,1864.741,116.185,60.004,820.96,523.208,993.211,149.867,215.978,869.493,545.698,895.475,714.936,1157.755
10,S,170,E,,,,,,365.959,1431.265,2059.377,652.219,,900.908,1974.678,281.29,,228.291,104.359,971.716,271.955,167.751,1370.827,83.25,333.483,227.869,574.792,427.874,266.671,1935.988,1281.576,1411.638,1166.164,2479.143,1036.987,823.939,712.326,353.388,963.208,784.255,619.432,2075.822,786.385,1022.22,38.511,1521.707,990.76,509.9,1324.049,400.315,396.97
10,S,175,E,,,,,,469.549,365.937,567.301,492.601,208.761,459.062,1437.639,,,350.683,218.36,508.534,437.496,159.453,944.097,617.615,418.533,305.179,443.221,310.282,632.52,362.477,517.989,1171.402,488.125,1068.928,564.004,636.273,996.182,173.508,688.14,211.457,88.183,413.929,209.978,325.207,,99.229,,,,,
10,S,180,W,,,,,,254.856,,350.188,,,,923.359,327.6,474.296,1639.33,947.526,437,522.477,309.717,1532.643,715.209,875.698,1124.949,335.029,95.266,817.656,933.994,1578.815,2170.101,1409.719,3567.129,1399.026,713.235,1607.215,278.977,738.418,436.36,650.195,1180.666,129.625,575.597,149.132,1658.263,218.66,228.095,652.515,267.888,375.324
10,S,175,W,,,,,,,,443.998,170.678,452.746,1187.818,336.284,725.253,2025.514,736.669,1444.963,2360.26,1342.063,1604.688,1390.985,1580.693,937.039,1862.597,1645.903,358.609,842.285,804.919,1685.066,1487.65,1591.881,2828.66,982.566,691.438,897.556,345.496,695.918,232.777,448.265,1388.199,130.877,693.463,136.103,509.755,117.386,374.651,853.922,301.271,174.411
10,S,170,W,,,,,,259.701,,589.039,310.221,1187.078,1749.999,535.764,1570.328,770.383,949.907,1992.166,2175.417,2038.391,2591.395,2241.83,999.749,506.901,1245.802,1232.138,416.228,1320.151,751.806,1065.651,721.616,1169.251,2752.064,1092.415,947.47,514.468,683.649,762.839,768.89,1079.247,1197.443,256.205,1197.602,1172.067,812.489,421.362,825.711,641.044,369.578,226.241
10,S,165,W,,,,,,,373.663,272.195,,284.189,2361.264,1325.107,1576.826,1224.63,1395.008,2232.426,2250.751,1677.401,1281.223,1593.486,708.441,733.003,627.529,993.565,419.821,1063.341,645.017,767.53,607.116,1339.493,1439.823,657.487,701.307,752.822,1072.264,923.793,1134.797,1360.564,1286.371,583.882,1749.485,947.49,998.399,353.914,864.508,211.681,269.142,251.126
10,S,160,W,,,,,,,,,,,1697.599,753.349,779.436,1128.07,960.926,1377.967,2027.742,955.229,1142.385,1251.491,966.141,355.921,749.389,756.223,,1418.634,514.146,1167.998,292.903,928.805,1318.688,577.036,792.961,1139.425,889.718,1290.43,1570.297,1420.532,1245.712,519.126,803.311,1287.682,492.754,429.844,789.971,178.417,186.758,885.839
10,S,155,W,,,,,,,,,195.518,,243.782,257.993,390.009,701.275,405.028,1423.157,2124.901,1130.528,1766.215,688.324,599.71,364.37,867.832,609.756,147.067,1110.773,850.546,981.003,98.557,1414.36,1981.952,1011.456,826.872,907.929,987.319,3260.892,2805.725,2162.857,2813.122,845.424,1204.577,1365.117,1002.905,746.481,2307.091,838.603,480.092,1251.957
10,S,150,W,,,,,,,,,1350.862,572.866,,325.209,109.11,1199.432,93.848,1439.735,1400.208,1400.526,1205.148,441.416,394.425,984.797,810.294,568.223,102.062,1698.925,899.923,682.785,356.582,1062.425,2692.632,1613.86,1122.706,2069.601,2437.106,4156.398,4219.578,3825.127,3854.903,1701.416,2735.525,2910.659,2065.507,1631.628,3692.114,1496.712,1514.718,2056.457
10,S,145,W,,,,,,,,,516.464,,361.582,112.892,286.947,347.944,405.612,1190.632,550.723,524.903,1075.555,164.402,773.095,778.899,1073.791,197.849,482.48,2193.243,493.703,203.523,92.392,1204.378,1795.424,1660.164,354.567,233.716,1253.605,2370.694,2121.125,1543.98,2485.464,1117.358,2021.625,2075.327,1239.362,1082.781,1618.772,936.898,1127.914,1193.779
10,S,140,W,,,,,,,,365.269,,,,,1034.002,1215.116,578.874,1048.157,485.171,370.076,1059.833,414.697,1050.014,558.452,428.56,520.989,1554.777,1308.713,1075.331,1460.25,2229.998,2228.762,1342.752,1375.42,772.605,851.235,2060.005,2694.311,2436.978,1866.723,6123.21,4796.346,1885.001,2175.63,1854.838,1797.428,2371.685,2836.703,1864.424,1558.456
10,S,135,W,,,,,,,,,,510.336,179.72,255.939,2474.911,1881.715,1130.803,1594.358,412.544,309.272,1116.199,770.684,1179.098,718.686,1140.457,1136.613,2254.999,1682.705,1408.048,2564.49,3295.711,2523.802,1483.714,1706.957,1511.499,2269.628,3138.433,2254.733,5973.289,3831.938,7357.53,5707.76,3496.891,3848.135,3867.541,4423.171,4673.985,3444.062,2836.504,1892.472
15,N,105,E,,,,,,,,,,,,,,,,,,,,,,,,,,,,,,,,,,,,,,,,,,,,,,,,
15,N,110,E,,,,,,,,,489.695,309.88,339.942,891.578,690.536,660.931,738.148,793.671,784.318,1702.374,1208.555,1015.554,884.52,1105.907,1081.621,1420.625,1570.256,2273.975,2069.399,1591.461,1263.398,1240.817,1243.876,985.415,985.982,968.55,920.267,709.974,559.267,873.701,958.977,805.555,696.428,780.083,834.979,773.43,577.883,897.721,624.698,899.735
15,N,115,E,,,,301.298,,,,,1151.313,886.881,973.703,1313.832,1584.864,1508.101,1315.516,1456.584,1549.251,2066.704,2469.76,2387.216,2469.289,2684.192,2645.509,3833.755,4428.576,6189.145,5555.387,4694.041,3941.121,3907.884,3906.047,2867.251,2923.171,2991.45,2841.528,2147.184,1694.295,2694.535,2898.749,2437.314,2106.224,2232.09,2518.335,2340.419,1687.485,2730.727,1884.017,2680.174
15,N,120,E,,,,,,,92.033,82.693,1825.649,1454.896,1634.046,1751.853,1849.087,1745.752,1864.988,1860.01,2158.236,2122.795,2772.86,3059.823,3199.428,3393.716,3711.228,4938.729,5164.685,7096.866,6849.203,5996.071,4967.101,4957.085,4650.064,3712.461,3883.675,3877.504,3684.205,2842.316,2237.132,3497.788,3773.397,3171.367,2741.74,3071.076,3234.518,3090.268,2303.436,3592.893,2487.184,3349.13
15,N,125,E,,,,,,,123.156,82.039,1915.141,1730.348,1209.298,1810.181,1560.342,1981.464,1443.416,1537.842,1795.687,1903.308,2521.749,2494.243,2600.469,2709.755,3068.133,4083.665,4754.324,5792.883,5535.713,4466.004,4083.256,4045.208,3825.549,3034.525,3172.188,3234.321,3059.089,2417.629,1929.173,2959.674,3228.751,2748.083,2444.613,2668.206,2831.11,2804.837,2229.426,3077.761,2225.75,3323.878
15,N,130,E,,,,609.809,89.41,203.323,90.38,34.327,,350.867,210.064,302.98,401.69,1142.513,434.531,323.394,427.999,251.475,390.697,520.714,355.694,256.586,403.747,434.071,608.181,562.086,395.026,361.569,550.989,474.308,446.886,361.989,319.349,424.204,390.904,496.275,354.835,421.008,453.569,364.897,421.219,487.324,456.118,655.99,916.223,652.787,239.488,832.076
15,N,135,E,,,,,,,104.738,,255.299,170.338,243.302,262.183,213.522,141.318,175.848,190.191,155.635,298.726,182.295,395.587,579.393,746.592,596.342,248.656,376.388,394.805,341.505,196.228,393.257,188.611,343.427,146.928,154.837,310.771,357.346,216.466,208.598,253.964,364.756,249.202,275.09,286.83,325.944,430.212,178.087,498.519,55.358,448.048
15,N,140,E,,,,,,,,,,53.202,,,,,,,,,,,,169.597,96.085,,,111.262,134.807,157.961,195.259,53.203,29.904,39.458,41.193,60.261,102.651,58.009,58.274,79.597,73.984,69.718,76.862,80.578,100.324,120.545,,,,80.145
15,N,145,E,,,,,,,458.57,763.435,272.494,119.166,48.266,,,,,,,,,,79.831,163.506,,,,3.005,9.452,15.184,155.391,16.553,80.046,8.73,9.701,17.419,6.895,16.769,16.807,21.496,15.636,20.124,22.178,23.316,27.04,28.379,,,,
15,N,150,E,,,,,,,,117.699,49.409,,,,55.852,,,,,25.833,,45.455,73.494,59.693,96.978,100.488,71.929,150.816,185.377,361.508,236.502,265.863,252.226,253.842,197.357,394.242,245.793,336.326,243.211,308.437,332.481,313.394,341.991,335.937,397.02,550.314,,89.462,205.481,527.377
15,N,155,E,,,,,,,,,,,,,,,,,,,81.829,95.098,35.401,26.937,,,,5.593,51.736,7.328,12.015,13.97,262.805,124.158,83.915,141.021,35.553,18.669,47.819,24.43,16.478,15.101,24.166,11.98,36.685,,,,435.278,57.041
15,N,160,E,,,,,,,,,,,,,,,,,,,56.716,,,,,,,153.603,52.863,,3.359,3.081,,,353.142,166.315,104.231,,150.858,,126.482,,3.082,,,,,,,355.88
15,N,165,E,,,,,,,,,,,,,,,,,,,,,,,,,71.781,766.895,399.486,85.226,,,,36.108,52.56,,,,,,,,,,,,,,,
15,N,170,E,,,,,,,,,,,,,,,,,,,85.072,,,,,,165.991,44.815,316.719,180.452,,61.882,159.509,193.721,339.741,,,,,95.166,65.034,,,,,,,,,
15,N,175,E,,,,,,,,,,,,,,,,,,59.186,,,,,,,44.81,68.262,,,,,54.092,210.101,93.04,,,,,363.923,268.567,103.686,44.777,566.757,80.199,42.472,186.05,,60.534,
15,N,180,W,,,,,,,,,,,,,,,,,,,,,,,,,,94.27,,,,79.438,,74.304,,,,,30.429,,55.459,64.803,,,,,,,,
15,N,175,W,,,,,,,,,,,,,,,246.261,87.503,105.824,131.617,,,,,,63.793,94.063,,,,,,,,77.862,,,,,,,,,,,,,88.159,,
15,N,170,W,,,,,,,,,,,,,,146.593,782.999,220.618,,,,,83.313,,,,,139.976,,67.935,,,,,63.274,,,,,,,,,,,,,,,71.256
15,N,165,W,,,,,,,,,,,,,,148.428,1350.748,240.331,,,149.648,,183.51,,121.661,78.716,57.659,239.442,,341.72,76.695,53.683,,252.163,66.059,,,145.809,86.678,159.738,453.872,213.353,60.382,95.942,146.397,497.643,482.883,1374.563,1445.048,2879.036
15,N,160,W,,,,,,,,,,,,,164.183,443.65,1710.948,544.359,345.792,321.392,652.067,758.165,462.027,90.284,142.958,437.198,1296.167,155.949,830.171,454.456,934.361,281.156,,89.359,182.361,43.571,,,,62.658,739.572,560.376,201.268,774.697,792.567,1046.278,541.783,1166.321,1111.142,768.373
15,N,155,W,,,,,,,,,,,,,,,829.296,106.996,378.873,325.077,1460.732,46.518,340.182,,,68.339,395.447,50.207,55.038,258.149,1199.952,,,,,,,,,372.413,216.54,469.581,70.266,263.578,87.139,127.796,,388.874,50.827,
15,N,150,W,,,,,,,,,,,,,,,,,,,,,,,,,,,,,,,,,,,,,,,,,,,,,,,,
15,N,145,W,,,,,,,,,,,,,,,,,,,,,,,,,,,,,,,,,,,,,,,,,,,,,,,,
15,N,140,W,,,,,,,,,,,,,,,,,,,,,,,,,,,,,,,,,,,,,,,,,,,,,,,,
15,N,135,W,,,,,,,,,,,,,,,,,,,,,,,,,,,,,,,,,,,,,,,,,,,,,,,,
15,S,105,E,,,,,,,,,,,,,,,,,,,,,,,,,,,,,,,,,,,,,,,,,,,,,,,,
15,S,110,E,,,,,,,,,,,,,,,,,,,,,,,,,,,,,,,,,,,,,,,,,,,,,,,,
15,S,115,E,,,,,,,,,,,,,,,,,,,,,,,,,,,,,,,,,,,,,,,,,,,,,,,,
15,S,120,E,,,,,,,,,,,,,,,,,,,,,,,,,,,,,,,,,,,,,,,,,,,,,,,,
15,S,125,E,,,,,,,,,,,,,,,,,,,,,,,,,,,,,,,,,,,,,,,,,,,,,,,,
15,S,130,E,,,,,,,,,,,,,,,,,,,,,,,,,,,,,,,,,,,,,,,,,,,,,,,,
15,S,135,E,,,,,,,,,,,,,,,,,,,,,,,,,,,,,,,,,,,,,,,,,,,,,,,,
15,S,140,E,,,,,,,301.834,836.646,259.362,,,,170.336,152.699,169.758,,362.371,80.022,,82.429,168.867,223.501,,,91.622,,26.688,,,,,,,,,,,,,,98.976,,,,,,,
15,S,145,E,,,,,2406.968,,415.75,1875.113,1032.373,,271.245,276.145,545.581,657.943,781.885,829.98,1066.506,328.373,233.456,296.241,477.192,792.79,,593.29,362.971,,133.932,114.345,80.303,,108.515,1413.884,397.777,310.471,767.74,296.063,217.388,,,157.717,1239.327,,,,469.171,474.176,167.215,
15,S,150,E,,,,900.707,1527.477,364.349,,1554.551,1842.238,399.792,474.849,1046.959,2296.444,776.799,1043.582,600.075,1458.126,767.227,368.224,1070.111,1395.506,1503.647,720.581,1288.283,304.891,40.773,891.256,730.79,749.839,974.382,1639.043,2475.348,979.398,2229.184,1005.817,1279.497,1367.322,52.737,,,,,,,434.702,,,
15,S,155,E,,,,276.08,1117.388,169.781,,252.928,503.662,,,866.323,1906.947,629.77,365.764,,857.925,309.638,495.36,394.841,947.741,742.465,917.519,2173.355,902.496,48.204,814.328,1483.537,1318.388,1210.125,1943.427,1999.74,680.075,2182.221,338.003,1114.69,923.789,,3066.019,735.201,429.79,768.319,1034.291,2180.169,1755.035,3171.886,513.629,1137.362
15,S,160,E,,,,949.582,3793.606,323.74,356.487,155.719,528.897,155.29,,1058.567,2740.2,467.773,626.059,,803.204,857.881,816.284,138,926.993,1093.445,829.388,2082.84,740.819,101.36,265.668,1194.651,1211.373,1596.703,859.162,1281.9,1606.571,798.865,334.528,1353.108,1493.937,184.646,3303.791,1012.333,3141.781,1542.428,791.698,3476.596,3753.292,2599.409,1925.279,1278.665
15,S,165,E,,,,,1360.235,522.407,368.364,195.929,,,,128.451,368.992,,324.984,,196.6,421.697,,342.941,383.572,870.682,425.654,417.418,257.338,127.021,153.659,249.736,740.11,565.99,92.534,153.831,514.437,144.528,345.45,83.711,,149.339,1010.306,293.817,33.024,86.402,69.397,119.84,686.39,645.772,552.891,152.435
15,S,170,E,,,,,,813.742,772.015,950.157,,289.335,3412.853,2186.252,386.528,,331.68,,858.51,196.578,200.533,854.093,141.292,563.991,232.218,323.153,286.094,91.615,359.854,,632.511,729.508,509.754,520.727,654.007,327.336,245.157,204.772,152.238,649.933,1405.489,190.03,775.792,340.109,,55.492,731.376,470.841,1329.635,419.43
15,S,175,E,,,,,,550.788,,114.52,353.897,332.88,1828.613,1129.665,,,567.094,75.719,1462.106,512.483,384.388,880.711,305.442,106.523,95.759,230.264,125.124,34.056,80.183,94.979,485.292,338.784,453.329,192.632,197.616,128.426,89.392,372.426,220.31,86.986,704.01,444.785,523.087,159.581,,20.35,387.53,396.962,1050.109,808.479
15,S,180,W,,,,,,,,471.686,,129.998,320.378,488.111,,364.254,548.963,145.463,229.291,411.504,184.453,,156.444,150.502,706.34,183.413,,115.738,441.845,261.339,114.531,105.381,928.55,197.842,241.717,28.356,127.729,,45.453,80.58,377.344,,,,,,87.673,,,93.138
15,S,175,W,,,,,,,1230.928,2119.944,1412.465,693.78,252.602,1174.405,397.947,,247.327,350.053,670.531,890.848,260.108,833.439,577.163,213.233,191.076,560.587,,278.717,422.408,267.727,389.065,343.754,281.583,300.999,600.679,430.862,475.238,255.796,193.034,294.201,500.422,,,856.04,,161.49,790.828,2043.45,2356.2,5794.759
15,S,170,W,,,,,,,270.718,802.828,1607.979,1002.893,250.683,,354.119,84.563,1071.311,557.763,2302.875,326.986,158.08,379.151,224.032,250.798,159.804,106.928,,625.18,282.634,181.841,464.856,266.031,408.464,154.009,204.315,629.488,381.566,61.818,124.706,52.669,312.016,,318.256,,,74.548,306.405,,,
15,S,165,W,,,,,,,,390.893,661.218,1105.073,322.027,114.038,311.474,228.723,487.454,555.761,472.471,382.113,245.668,1214.338,630.62,164.574,522.844,294.057,82.567,445.844,992.728,511.992,765.272,303.812,143.524,314.057,110.857,547.316,210.061,65.373,135.974,73.877,46.487,38.966,899.584,605.831,413.477,28.226,116.878,,,
15,S,160,W,,,,,,,,,1207.724,380.712,322.598,,992.393,155.343,458.233,441.496,372.416,475.5,,731.452,49.943,245.679,632.6,497.703,383.013,1360.346,1188.818,1112.148,689.719,427.108,212.238,176.625,323.337,814.437,152.085,70.203,206.428,278.091,,,,2003.748,343.365,,116.44,,365.124,809.792
15,S,155,W,,,,,,,,,1046.484,290.364,116.362,,849.495,1035.366,,411.401,93.353,266.345,,307.602,386.133,248.619,880.535,790.257,439.882,555.8,1131.464,1089.498,456.601,384.677,80.079,249.752,170.731,442.764,45.556,,82.37,231.691,,76.438,102.693,1011.405,236.982,,,172.795,,
15,S,150,W,,,,,,,197.798,,,333.724,560.421,172.464,642.222,419.044,176.683,827.436,572.492,1115.449,239.605,527.833,569.593,460.944,1497.401,810.006,316.744,555.069,1295.641,885.53,1244.786,110.665,110.625,484.208,341.978,1243.659,171.833,619.586,326.013,347.191,312.52,146.702,344.427,667.553,477.958,44.95,534.3,258.927,325.184,1595.997
15,S,145,W,,,,,,,,,361.584,86.261,200.357,872.071,744.819,920.731,337.354,1316.474,370.553,1267.644,472.579,231.687,1104.563,544.561,1060.668,51.083,213.216,286.432,1807.937,587.361,954.754,483.012,532.6,881.147,821.649,251.397,365.818,1564.817,1593.536,1256.439,673.88,100.556,1022.034,1950.273,690.508,510.568,310.698,404.325,1136.362,557.219
15,S,140,W,,,,,,,,,,1069.197,501.733,878.452,841.817,546.419,124.42,484.658,1028.054,1655.639,674.433,245.47,1107.95,958.54,1085.621,412.119,894.309,531.538,833.847,661.844,833.741,739.072,402.123,939.631,766.7,246.235,236.973,667.442,2305.026,1057.506,908.455,237.847,803.371,1613.314,1078.355,333.726,527.857,658.089,792.603,226.703
15,S,135,W,,,,,,,,,,406.161,,118.788,1115.614,1196.779,534.083,663.816,823.938,831.772,736.312,447.559,546.321,477.355,461.828,274.93,698.712,1088.565,954.055,1161.392,1297.251,1386.929,969.424,1672.237,544.781,2345.731,894.541,2339.247,3859.384,1770.032,4863.492,2916.731,2110.074,2240.335,2131.657,1871.202,1945.347,1729.781,1126.594,1372.275
20,N,105,E,,,,,,,,,,,,,,,,,,,,,,,,,,,,,,,,,,,,,,,,,,,,,,,,
20,N,110,E,,,,,,,,,,,,,,,,,,,,,,,,,,,,,,,,,,,,,,,,,,,,,,,,
20,N,115,E,,,,,,,,,,,,,,,,,,,,,,,,,,,,,,,,,,,,,,,,,,,,,,,,
20,N,120,E,,,,69.888,129.602,126.126,207.651,375.55,493.004,,136.148,178.911,248.077,255.232,385.528,270.816,322.245,240.987,290.708,312.206,325.035,344.122,428.688,482.812,523.6,717.18,688.499,602.884,514.784,507.456,464.938,376.052,392.031,395.89,375.833,292.032,231.633,359.403,393.132,332.209,290.195,322.805,345.76,333.042,230.121,358.837,248.905,367.337
20,N,125,E,,,133.303,550.826,420.131,714.406,770.848,1243.497,994.295,504.042,592.064,1054.983,1182.501,2042.602,1182.88,794.165,546.642,401.28,488.059,425.39,504.794,503.366,555.595,747.27,804.6,1116.28,1061.698,991.932,879.622,889.922,808.14,684.081,677.049,770.8,751.95,652.112,573.103,757.638,787.473,759.712,733.873,798.874,837.253,1049.997,646.197,925.032,655.476,1117.888
20,N,130,E,,,369.956,794.82,978.399,496.18,247.311,146.757,198.552,229.823,262.801,927.568,694.034,620.948,319.949,417.621,562.974,362.143,385.997,257.333,319.657,278.967,447.126,563.588,591.449,674.65,814.847,768.267,700.239,699.273,631.917,520.369,578.048,700.617,616.477,635.323,583.821,717.955,767.055,664.128,721.42,804.492,892.155,1224.38,1229.162,1719.657,1190.633,1113.156
20,N,135,E,,,449.841,97.898,75.571,90.271,176.479,33.713,,,,187.734,529.341,128.151,58.619,92.282,95.804,104.956,8.305,42.033,111.073,106.833,148.688,228.398,380.017,158.084,250.131,262.373,218.399,230.531,182.952,157.297,171.685,259.052,246.08,321.214,263.466,337.658,319.968,311.434,348.054,387.128,440.834,684.133,473.618,959.293,631.365,307.394
20,N,140,E,,,389.101,411.342,69.973,520.974,937.367,696.967,218.905,176.07,241.021,420.879,657.617,579.836,111.902,276.483,63.696,185.017,207.909,125.471,263.895,169.561,162.863,130.712,143.877,316.153,257.286,323.065,385.604,453.583,642.218,246.7,221.682,408.704,363.909,279.61,319.619,585.581,366.827,341.795,392.583,502.132,455.107,640.938,1116.953,1093.153,510.663,127.332
20,N,145,E,,,275.072,,,152.645,1570.945,1730.083,602.775,513.649,63.975,346.76,1258.97,754.867,66.739,253.365,39.735,226.839,137.06,154.262,710.968,395.437,257.259,206.245,454.674,336.645,319.04,182.627,240.326,210.833,365.814,166.133,129.203,274.238,197.238,193.207,352.264,409.785,228.175,226.456,261.566,378.688,440.768,617.647,344.654,684.312,723.76,313.075
20,N,150,E,,,,,68.705,220.633,1297.702,1117.236,409.486,819.015,478.941,723.767,936.044,1243.613,121.794,312.722,358.199,427.292,294.61,409.702,452.051,597.606,578.316,352.113,838.078,430.964,615.69,504.676,391.61,464.854,811.337,320.359,391.148,465.921,441.919,421.473,639.022,449.789,449.103,496.008,502.885,556.61,531.28,1181.19,736.763,371.956,1361.249,1891.992
20,N,155,E,,,,,,,1043.094,462.823,,,218.777,251.212,103.496,86.455,109.96,710.539,615.075,871.724,716.062,284.579,439.895,337.127,556.06,342.125,478.638,670.495,400.694,255.864,424.003,580.376,1810.128,865.207,551.66,219.296,107.537,83.472,251.231,59.914,15.57,156.699,27.524,67.157,163.271,212.256,,350.258,793.938,602.991
20,N,160,E,,,,,,,,145.235,,186.236,,,,159.639,50.536,,,335.333,306.316,91.993,28.776,131.445,100.211,165.531,119.001,481.32,284.859,287.964,254.523,214.85,785.05,448.916,522.12,458.879,317.708,156.204,258.221,,,33.079,22.643,21.91,,153.238,44.11,172.951,584.12,943.534
20,N,165,E,,,,,,,,,,,,,,,,199.27,,79.02,160.986,,,,,,,66.533,,167.533,,32.402,244.313,223.717,325.635,510.353,77.758,29.309,111.163,,,,,,,141.041,59.951,,,61.025
20,N,170,E,,,,,,,,,28.202,,,,,,,,54.079,281.621,309.67,,,,,,,,,,,51.184,,294.789,294.082,530.717,,,,,181.767,,,,,21.567,,91.583,,102.976
20,N,175,E,,,,,,,,,,,,,,121.46,,130.232,,,173.727,110.657,,113.669,,235.805,,,,,,44.819,,406.671,52.736,188.152,40.479,,67.813,95.561,179.636,197.335,71.444,245.866,93.686,,119.758,,,
20,N,180,W,,,,,,,,,,,103.981,,155.548,,,231.826,,,,,199.595,172.424,,533.405,,,,,76.121,,,30.409,41.049,,,,,66.557,57.859,41.909,,,,,,,100.858,
20,N,175,W,,,,,,,,,225.09,1026.041,807.189,387.106,403.494,308.353,252.099,844.034,84.194,,226.252,,1133.018,80.694,264.361,192.672,,246.303,,495.252,454.383,250.412,,,50.192,,,,,63.791,212.947,49.652,,,,,,,,60.831
20,N,170,W,,,,,,,,,,675.097,961.317,465.3,163.315,226.787,579.283,1352.478,205.606,908.518,977.397,,1263.811,391.862,600.236,146.515,106.01,,391.248,535.687,414.592,475.954,,,,,,,,,,40.75,,,,,,84.867,255.495,582.094
20,N,165,W,,,,,,,,93.17,63.018,1365.459,985.091,165.492,220.397,,725.203,388.533,,188.416,816.875,222.098,856.823,414.876,272,144.726,,,286.616,181.149,253.392,375.968,,,,,,,,,,,,122.71,65.846,252.513,658.933,543.149,930.98,1475.279
20,N,160,W,,,,,,,,,,131.729,322.968,,277.937,,,,,631.027,257.906,,,197.02,67.727,183.704,289.837,139.516,198.242,251.861,,48.64,,,,,,,,,,,,1484.814,1003.831,837.232,862.453,1263.349,918.865,656.649
20,N,155,W,,,,,,,,,,,125.106,,,,,,88.267,341.697,270.725,456.054,1408.552,688.279,129.596,249.944,136.786,74.52,94.89,,,,,,,,,,,,,,218.955,634.792,482.095,735.16,827.796,866.738,324.517,121.713
20,N,150,W,,,,,,,,,,,,,,,,,,,,,,,,,,,,,,,,,,,,,,,,,,,,,,,,
20,N,145,W,,,,,,,,,,,,,,,,,,,,,,,,,,,,,,,,,,,,,,,,,,,,,,,,
20,N,140,W,,,,,,,,,,,,,,,,,,,,,,,,,,,,,,,,,,,,,,,,,,,,,,,,
20,N,135,W,,,,,,,,,,,,,,,,,,,,,,,,,,,,,,,,,,,,,,,,,,,,,,,,
20,S,105,E,,,,,,,,,,,,,,,,,,,,,,,,,,,,,,,,,,,,,,,,,,,,,,,,
20,S,110,E,,,,,,,,,,,,,,,,,,,,,,,,,,,,,,,,,,,,,,,,,,,,,,,,
20,S,115,E,,,,,,,,,,,,,,,,,,,,,,,,,,,,,,,,,,,,,,,,,,,,,,,,
20,S,120,E,,,,,,,,,,,,,,,,,,,,,,,,,,,,,,,,,,,,,,,,,,,,,,,,
20,S,125,E,,,,,,,,,,,,,,,,,,,,,,,,,,,,,,,,,,,,,,,,,,,,,,,,
20,S,130,E,,,,,,,,,,,,,,,,,,,,,,,,,,,,,,,,,,,,,,,,,,,,,,,,
20,S,135,E,,,,,,,,,,,,,,,,,,,,,,,,,,,,,,,,,,,,,,,,,,,,,,,,
20,S,140,E,,,,,,,,,,,,,,,,,,,,,,,,,,,,,,,,,,,,,,,,,,,,,,,,
20,S,145,E,,,,,987.086,527.328,960.175,1402.098,742.458,634.412,464.286,276.368,189.077,919.696,618.929,1900.053,811.576,352.523,306.774,649.391,422.908,147.173,64.656,192.072,209.165,238.737,128.256,174.968,119.464,164.092,252.022,,363.588,88.978,187.462,86.538,,128.538,291.672,125.58,161.236,,,65.155,,,230.97,71.199
20,S,150,E,,,,,1261.196,276.416,,320.305,488.61,104.595,,637.675,698.001,352.748,183.836,876.298,920.945,191.65,59.88,395.465,943.544,614.807,57.148,307.492,375.582,147.887,404.355,261.746,27.764,541.386,860.643,875.182,906.493,1002.665,604.869,938.291,158.969,531.769,3115.839,932.708,676.424,,,955.202,1091.198,,847.545,692.962
20,S,155,E,,,,206.18,980.841,,,,1320.898,162.868,85.515,662.956,1067.26,289.039,,209.795,351.783,138.771,226.749,252.436,1199.588,291.943,484.846,989.172,555.812,392.651,344.168,451.444,302.949,753.597,708.844,315.445,54.654,58.353,197.211,197.049,252.053,375.479,425.892,116.133,168.457,210.627,218.803,1504.887,1001.702,810.544,117.307,265.161
20,S,160,E,,,,,1962.491,,,,273.561,,,1209.965,1483.901,253.258,216.959,127.554,121.379,257.094,75.849,159.645,747.262,154.561,194.723,624.041,109.453,23.402,,204.499,118.148,309.693,,205.922,25.039,66.321,104.213,,,143.227,,379.256,69.705,666.598,429.111,1054.887,1137.816,1289.885,465.009,
20,S,165,E,,,,,2425.74,626.06,,,105.567,,,410.695,838.997,436.871,476.848,,272.232,279.467,105.947,61.665,,,224.894,155.277,78.883,,234.017,52.747,147.062,227.94,,97.764,139.411,222.036,273.206,95.758,,,1019.622,501.319,,,,577.971,423.331,1668.122,321.675,607.9
20,S,170,E,,,,,,918.916,125.227,,,780.17,810.751,1982.76,,351.652,74.803,73.728,456.294,611.268,221.981,192.62,,,129.816,753.955,383.12,286.051,550.447,491.18,1183.97,1356.172,506.372,1074.846,678.436,742.108,914.401,336.203,316.825,1938.15,1486.293,632.389,1617.216,736.581,,1061.35,1746.804,4781.962,2834.067,2215.263
20,S,175,E,,,,,,878.644,,,754.959,270.383,91.146,539.689,,99.722,,,390.786,272.725,185.46,,,,270.009,313.973,254.8,,215.366,,,146.727,192.988,161.577,,106.917,33.722,177.735,,211.671,149.597,252.46,930.132,271.421,445.503,688.258,1915.194,1990.836,2107.353,1849.498
20,S,180,W,,,,,,,,434.517,,822.281,178.55,328.565,108.245,514.557,,295.022,102.603,331.111,103.505,,203.316,82.352,74.788,,,,622.34,53.692,137.591,57.832,224.765,87.954,61.447,76.782,51.887,135.859,48.928,55.192,,173.521,,109.934,145.792,462.565,606.2,506.087,966.559,540.317
20,S,175,W,,,,,,,416.341,338.16,189.918,1143.915,1017.522,1239.423,329.679,357.121,98.559,557.676,372.83,910.568,,,220.666,179.803,284.084,342.325,481.204,96.475,482.947,47.074,78.29,196.899,156.954,126.593,383.387,618.386,480.172,344.558,241.177,75.842,135.771,,,,,48.655,650.324,309.04,122.24,431.188
20,S,170,W,,,,,,,,,,230.873,,,,,,893.322,444.846,115.009,,184.688,90.753,155.421,205.232,342.029,130.979,,174.151,,,,93.127,214.236,34.916,86.414,143.8,44.684,,32.263,,,,,,44.835,808.377,,102.965,
20,S,165,W,,,,,,,,,,,,,,,,227.159,56.801,,,,,,208.955,140.749,96.421,,110.111,,,,82.268,129.151,32.387,,25.747,,,,,283.98,226.025,21.918,135.001,26.841,432.58,,,
20,S,160,W,,,,,,,,,,,,,93.362,,,199.2,120.402,,71.472,,,,236.553,,,,314.895,,,,35.397,183.365,25.868,,44.707,130.009,,,50.566,62.263,,,61.257,27.185,139.764,,,134.59
20,S,155,W,,,,,,,,,,,,,,,,173.818,71.35,,253.309,,,90.482,78.769,91.502,347.146,,682.472,,,,,163.485,122.096,,33.528,95.655,131.701,33.415,,79.39,,,,,496.878,868.605,1139.797,1349.921
20,S,150,W,,,,,,,274.613,555.958,95.992,,,,129.148,,,215.581,,250.713,,67.678,159.908,89.962,251.578,,215.299,,398.373,87.417,,,,286.188,201.535,28.36,40.683,152.162,,63.093,41.675,,,,88.566,,852.85,634.164,857.489,980.107
20,S,145,W,,,,,,,236.289,684.079,176.866,,,,83.243,106.29,,,,212.7,,,,483.702,68.891,62.033,308.678,146.186,445.979,88.588,,,,513.221,77.44,,,87.981,,,,,,,,,,128.499,292.685,70.852
20,S,140,W,,,,,,,,,,,,,490.574,1218.455,,336.287,,404.462,432.697,161.628,172.447,142.588,463.414,444.485,390.331,309.055,546.51,858.688,319.361,,,473.577,62.132,40.756,18.895,67.212,88.396,54.497,64.462,,,,,,,,,
20,S,135,W,,,,,,,,,,,,,976.746,1385.603,117.492,92.849,760.73,624.132,1201.064,405.816,711.101,1221.914,1520.39,326.517,852.149,497.877,310.74,1182.622,512.087,139.285,498.9,570.943,343.887,91.934,338.245,466.836,575.994,155.175,265.902,161.852,483.278,443.109,611.234,90.642,171.716,,222.843,1011.017
25,N,105,E,,,,,,,,,,,,,,,,,,,,,,,,,,,,,,,,,,,,,,,,,,,,,,,,
25,N,110,E,,,,,,,,,,,,,,,,,,,,,,,,,,,,,,,,,,,,,,,,,,,,,,,,
25,N,115,E,,,,,,,,,,,,,,,,,,,,,,,,,,,,,,,,,,,,,,,,,,,,,,,,
25,N,120,E,,,91.182,691.529,180.744,34.136,2.469,180.445,47.451,130.126,,,,,,,,,,,,,,,,,,,,,,,,,,,,,,,,,,,,,,
25,N,125,E,,,129.429,541.088,238.851,250.425,513.632,312.325,88.186,263.185,110.118,222.369,282.521,248.653,290.258,330.934,323.577,297.439,375.376,393.509,289.314,321.062,209.644,180.439,200.637,215.492,291.734,322.025,343.028,306.066,258.385,219.393,254.171,318.669,278.707,306.09,300.588,377.468,370.458,369.488,379.987,396.051,427.54,522.021,606.601,345.837,630.021,286.876
25,N,130,E,,,1033.976,493.017,1002.512,1029.719,1192.896,2692.943,1241.46,1386.105,1959.463,1564.258,2480.445,1282.366,2611.015,1133.481,3475.718,1196.284,1829.844,1309.639,1329.541,927.988,1234.334,1317.253,947.532,1132.096,1438.232,1558.774,1253.416,1182.098,1265.307,1102.35,1283.883,1423.113,1439.461,1532.536,1648.802,1783.207,1804.085,1742.47,2042.399,2275.05,2461.176,4377.232,3957.507,3761.485,3874.845,5916.245
25,N,135,E,,,2673.243,2341.881,2733.098,2809.755,1672.836,2411.377,1038.407,1490.943,930.567,1541.956,2875.356,1448.426,2196.739,1020.505,2584.143,1386.862,1234.062,932.951,1349.949,591.593,802.83,1327.113,1185.63,534.489,847.807,1062.388,440.528,480.705,626.332,436.749,901.098,744.987,578.23,565.615,681.006,924.923,1016.369,577.096,894.007,760.656,855.941,1706.787,429.712,759.454,934.648,3192.27
25,N,140,E,,,2429.331,3911.517,2980.811,2271.801,916.29,4075.982,2883.471,3070.013,2595.139,2508.174,2657.072,2503.971,1107.317,1282.425,1647.31,1399.634,2737.83,1301.461,1795.012,1368.242,1126.413,1152.768,1157.092,1681.261,1858.947,2800.06,1396.27,1643.91,1822.545,2025.787,2179.064,2627.948,2502.417,3516.355,2843.469,2114.558,1362.346,1060.86,1600.617,1795.024,2239.651,2672.922,1518.362,1360.902,1953.985,1510.745
25,N,145,E,,,1926.721,2825.099,4577.845,1374.187,1411.481,4006.684,2859.536,3096.042,1088.099,1269.285,1995.761,679.838,1061.759,482.727,2200.686,2436.241,1181.718,894.264,800.285,421.146,359.407,344.334,258.673,755.342,465.116,674.97,364.014,440.431,1007.583,670.243,598.002,423.613,313.003,1492.364,2280.659,618.277,375.494,264.229,327.922,492.665,773.856,926.923,686.808,614.819,1334.766,539.898
25,N,150,E,,,2034.337,1544.291,3467.03,878.819,1291.051,2199.442,3204.59,952.533,1897.887,1463.071,1034.496,987,1616.43,655.473,1123.493,1501.541,2012.194,1073.584,640.838,412.336,188.242,157.93,108.089,559.323,586.176,616.055,306.895,357.844,301.811,885.841,706.377,379.992,206.938,299.79,818.941,364.001,507.071,331.182,221.558,294.792,440.245,371.651,463.656,405.577,314.084,230.128
25,N,155,E,,,1301.017,1010.96,716.022,1443.03,1938.743,1050.361,1587.538,266.708,1083.926,589.692,1535.554,842.104,504.934,341.495,1258.548,973.664,891.797,1226.194,468.114,762.891,265.508,668.409,521.282,613.146,1269.551,1785.447,1790.549,1023.496,812.016,1887.37,799.768,313.795,393.148,864.541,972.294,552.546,416.512,279.563,231.331,405.661,260.763,279.569,351.281,428.524,271.966,125.742
25,N,160,E,,,748.843,1139.87,369.389,1089.058,362.908,1053.894,533.252,698.131,615.399,261.119,399.711,45.861,57.178,494.424,420.166,873.412,1341.865,391.1,484.728,508.13,104.655,224.774,183.045,431.932,340.536,1115.869,871.651,325.278,336.712,864.556,693.005,631.483,1203.892,638.519,1212.92,756.225,610.057,543.446,121.01,529.162,423.212,1050.045,559.848,618.036,466.426,402.062
25,N,165,E,,,,132.778,294.275,87.888,886.428,,399.415,370.082,394.579,930.216,234.538,53.238,,,470.109,1754.705,703.823,435.12,571.767,293.811,77.788,207.783,217.271,245.129,779.951,1077.424,1115.29,876.307,1090.993,1143.208,967.419,950.595,993.072,570.753,1096.441,1407.431,1318.641,1326.405,524.135,544.603,585.986,969.23,339.031,437.316,501.69,687.057
25,N,170,E,,,,,39.896,224.906,1509.26,614.66,2604.263,1320.519,1614.196,734.401,148.086,,,95.081,304.451,618.328,910.353,694.884,632.9,500.845,464.584,259.443,317.153,106.999,423.819,256.794,1004.366,911.78,706.822,1251.694,852.2,705.242,945.559,520.833,793.064,1631.067,1514.04,948.726,354.477,495.385,524.649,459.208,211.133,257.545,207.634,431.56
25,N,175,E,,,111.318,123.74,83.11,79.083,356.72,68.408,459.509,253.69,1061.83,923.627,953.917,384.707,164.775,446.599,1362.892,1350.385,1301.033,1435.569,615.958,507.143,392.612,150.751,63.63,,465.494,451.041,1739.614,743.259,720.661,988.756,465.975,400.634,740.12,303.77,360.679,812.381,1573.689,1299.13,656.162,550.109,752.451,478.452,259.687,,31.691,76.63
25,N,180,W,,,416.284,335.009,217.767,,263.985,437.62,1810.452,1970.799,1051.644,913.4,984.062,138.646,284.517,396.799,,,,60.641,367.631,,,,82.558,,239.486,140.545,255.332,218.465,,,,,,,,,,,,,,,,135.591,,
25,N,175,W,,,,1274.503,359.126,197.814,38.219,521.021,557.345,2183.751,798.1,228.502,524.232,,639.953,48.242,,,265.271,287.753,551.852,440.286,487.826,163.414,,756.983,710.6,439.076,1027.832,728.365,227.555,55.13,,,,135.655,91.158,,,,,,62.912,368.662,227.161,,,
25,N,170,W,,,229.635,,487.439,398.342,181.67,,993.256,1626.238,1076.941,209.494,864.764,580.339,366.252,,,,50.539,92.416,91.578,,97.097,68.234,254.51,259.712,285.858,346.434,453.151,389.291,92.291,691.784,133.977,59.784,354.44,432.711,566.145,282.764,331.78,101.659,164.509,739.998,577.632,1029.857,93.528,169.768,186.027,
25,N,165,W,,,,,,374.807,178.271,177.513,1353.893,670.033,1828.825,404.67,455.108,338.656,204.191,,62.443,,117.795,234.42,161.522,141.101,,292.341,135.415,52.57,217.625,188.89,324.351,245.285,74.51,834.335,359.328,336.979,213.43,347.083,497.416,157.511,234.225,146.521,142.735,1301.891,530.733,626.354,274.714,633.911,616.914,363.93
25,N,160,W,,,,,,213.401,96.838,,,316.471,400.119,,99.232,217.763,,190.935,,205.893,47.626,65.033,501.063,277.622,221.969,563.334,151.242,131.197,360.25,397.172,318.338,1019.612,240.263,1028.233,556.742,465.494,280.006,111.786,262.318,,362.032,206.537,237.062,598.386,1049.924,428.185,427.973,233.795,1023.001,1300.88
25,N,155,W,,,,,,,358.828,,,124.405,454.458,,,,,,,433.809,,488.583,567.691,451.838,789.795,729.461,209.739,105.318,29.772,558.339,472.445,415.09,64.368,539.633,173.118,408.957,62.546,62.732,183.552,175.386,170.085,88.705,220.524,45.186,598.081,810.975,648.453,2671.686,402.028,1204.874
25,N,150,W,,,,,,,,,,,,,,,,,,,,,,,,,,,,,,,,,,,,,,,,,,,,,,,,
25,N,145,W,,,,,,,,,,,,,,,,,,,,,,,,,,,,,,,,,,,,,,,,,,,,,,,,
25,N,140,W,,,,,,,,,,,,,,,,,,,,,,,,,,,,,,,,,,,,,,,,,,,,,,,,
25,N,135,W,,,,,,,,,,,,,,,,,,,,,,,,,,,,,,,,,,,,,,,,,,,,,,,,
25,S,105,E,,,,,,,,,,,,,,,,,,,,,,,,,,,,,,,,,,,,,,,,,,,,,,,,
25,S,110,E,,,,,,,,,,,,,,,,,,,,,,,,,,,,,,,,,,,,,,,,,,,,,,,,
25,S,115,E,,,,,,,,,,,,,,,,,,,,,,,,,,,,,,,,,,,,,,,,,,,,,,,,
25,S,120,E,,,,,,,,,,,,,,,,,,,,,,,,,,,,,,,,,,,,,,,,,,,,,,,,
25,S,125,E,,,,,,,,,,,,,,,,,,,,,,,,,,,,,,,,,,,,,,,,,,,,,,,,
25,S,130,E,,,,,,,,,,,,,,,,,,,,,,,,,,,,,,,,,,,,,,,,,,,,,,,,
25,S,135,E,,,,,,,,,,,,,,,,,,,,,,,,,,,,,,,,,,,,,,,,,,,,,,,,
25,S,140,E,,,,,,,,,,,,,,,,,,,,,,,,,,,,,47.671,,,,,,,,,,,,,,,,,,,
25,S,145,E,,,,,,,,,,,,,,,,,,,,,,,,,,,,,167.384,,,,,,,,,,,,,,,,,,,
25,S,150,E,,,,1251.207,1758.204,,,1590.066,961.461,638.248,490.231,236.229,828.446,199.067,66.33,161.952,394.251,,158.17,64.382,45.191,96.338,,168.001,214.145,159.431,,,,90.618,143.62,332.402,663.42,332.792,274.869,454.647,131.561,960.992,798.854,337.085,64.189,,,169.172,406.062,322.183,116.856,123.182
25,S,155,E,,,,871.541,2327.669,533.53,119.557,856.85,779.451,1487.108,264.979,281.804,1751.765,667.183,246.498,677.795,593.399,153.825,343.809,424.911,408.087,438.624,1575.877,1363.652,948.577,573.538,65.492,262.607,487.136,1260.163,1124.922,909.782,1491.053,739.807,621.218,1075.248,798.521,387.695,1081.605,1320.986,926.017,691.065,279.507,111.489,57.536,197.214,325.938,657.573
25,S,160,E,,,,,1044.493,,,,681.759,470.554,647.602,672.688,557.905,221.451,95.243,117.981,229.441,,189.373,,741.804,337.198,126.866,214.505,423.906,201.359,182.916,61.191,640.742,191.27,534.34,,188.515,,92.647,,52.384,,165.331,740.726,1135.87,188.98,44.135,,49.224,184.422,42.031,188.525
25,S,165,E,,,,,187.854,,,135.207,110.601,,,170.933,,559.391,231.682,,,124.003,,,,200.79,58.928,67.196,,344.988,47.645,,,,,,,,,,,54.475,420.625,232.924,924.792,494.668,101.845,,459.732,461.901,113.382,
25,S,170,E,,,,,948.485,756.259,343.768,,644.486,959.886,127.292,364.146,,238.601,,73.878,363.995,119.571,258.165,,,94.956,312.582,492.318,144.494,,261.257,81.982,423.707,158.859,95.668,178.357,214.769,123.428,,,171.956,,,461.852,421.754,97.349,,66.132,531.346,309.978,537.805,365.919
25,S,175,E,,,,,,1812.123,483.242,161.966,813.794,577.848,488.222,1245.33,,138.034,,245.722,324.725,,,,,,,,841.374,196.853,246.743,127.196,,46.882,207.643,39.385,85.354,,243.776,295.666,673.631,248.412,137.723,1049.009,794.958,160.358,,265.888,562.767,869.742,823.7,1135.298
25,S,180,W,,,,,,147.28,562.333,333.864,228.294,214.597,151.272,,98.414,71.948,,,,,,,119.287,,82.804,,,,447.583,,,89.194,112.624,212.14,118.128,127.047,185.459,38.817,,,71.148,126.059,,,,203.374,,,,119.451
25,S,175,W,,,,,174.008,546.375,1344.508,156.957,,,,335.838,,,,90.898,77.99,,,893.926,216.199,146.356,80.407,48.329,243.616,71.436,288.336,57.263,87.071,145.282,281.712,155.387,461.199,41.214,72.432,361.134,304.284,386.138,335.596,397.749,,251.118,,486.829,92.504,161.808,,437.071
25,S,170,W,,,,,,130.866,414.381,,,,,,,,,493.845,258.844,52.841,,,229.658,,,47.997,131.688,,144.582,,81.786,93.362,441.678,97.563,36.466,30.585,88.377,100.176,111.325,24.663,131.244,190.165,119.499,554.142,,132.08,183.429,51.232,38.479,192.517
25,S,165,W,,,,,,120.69,,,,,,,,,,,,,,,58.913,,,,,,82.452,68.321,,,179.362,100.371,,,141.924,41.869,,,,,24.645,290.454,,132.537,39.646,,,
25,S,160,W,,,,,,,,,,,,,,,,52.107,,,,,,87.639,100.198,,,,104.5,,,,,300.151,,,,,,,,,94.571,,114.812,,,,,
25,S,155,W,,,,,,,,,,,,,,,,58.678,,,116.306,,209.616,,,342.353,,,145.468,91.296,,,,133.924,21.779,,,,,,,,,,,,,,,
25,S,150,W,,,,,,,,,,,,,,,,,,,,,,,,,126.584,,,131.691,,,,127.041,52.698,,,,,105.006,47.983,29.764,,,,,,,,
25,S,145,W,,,,,,,,,,,,,,,,,98.814,,69.348,,,,,,,,55.006,131.855,,,,302.95,74.33,,,72.432,,293.807,60.323,111.897,,,,,,,,
25,S,140,W,,,,,,,,,510.394,339.424,,,161.946,,,58.58,,110.165,110.848,,,,,109.181,,,109.65,150.734,,,,398.174,,,,,84.051,216.827,36.52,,,,,,,59.751,,
25,S,135,W,,,,,,,,,,343.803,,,725.243,469.806,65.11,,,415.52,214.009,,66.787,138.368,186.391,155.424,240.164,,374.693,318.263,194.901,,403.275,454.498,,29.128,39.807,110.92,385.703,83.548,121.505,,,,406.005,79.02,179.715,,,
30,N,105,E,,,,,,,,,,,,,,,,,,,,,,,,,,,,,,,,,,,,,,,,,,,,,,,,
30,N,110,E,,,,,,,,,,,,,,,,,,,,,,,,,,,,,,,,,,,,,,,,,,,,,,,,
30,N,115,E,,,,,,,,,,,,,,,,,,,,,,,,,,,,,,,,,,,,,,,,,,,,,,,,
30,N,120,E,,,,,,,,,,,,,,,,,,,,,,,,,,,,,,,,,,,,,,,,,,,,,,,,
30,N,125,E,,,549.328,343.64,70.996,179.886,,295.592,206.45,102.84,75.029,40.59,,154.925,263.941,325.89,159.81,117.195,23.241,30.421,131.369,118.134,,,,,,,,,,,,,,,,,,,,,,,,,,
30,N,130,E,,,503.561,872.801,514.309,435.361,534.336,1528.147,453.332,526.669,425.796,160.353,276.068,443.44,696.089,254.162,704.69,508.063,680.289,613.337,808.306,608.598,676.413,1216.504,627.367,883.647,1077.617,1177.316,1015.204,967.391,1013.564,956.318,1213.923,1267.047,1126.513,1386.1,1419.505,1494.871,1566.191,1656.67,1743.829,1840.667,2089.109,3909.128,4408.47,3203.712,3260.587,4313.057
30,N,135,E,,,1725.081,6080.364,2175.741,2374.06,2755.761,3466.931,4618.233,4304.353,4923.736,2737.52,2161.208,4687.58,2948.481,1193.793,1763.592,1584.127,575.161,2285.418,1586.249,918.433,1428.235,1639.459,805.813,907.974,1052.985,1454.05,1121.213,1348.151,1284.869,1001.464,1450.502,1678.151,1089.738,1673.025,1693.627,1685.308,1601.048,1653.329,2123.068,1992.359,2628.577,4935.663,4529.605,3407.033,5074.818,4520.184
30,N,140,E,,,5837.571,8727.079,9186.902,6542.675,4616.459,5565.837,6076.736,4290.285,6784.397,4757.346,808.482,607.38,1901.333,2596.457,1755.124,3333.491,2405.869,2325.344,1897.308,1145,1611.634,1111.31,1135.426,1703.722,1320.766,2022.765,1841.306,2068.903,2043.235,2697.836,2648.897,4516.293,3146.365,4893.067,4294.609,3692.716,3380.546,2427.353,2842.412,2567.486,3288.313,4654.908,2934.34,2116.228,3129.148,2408.567
30,N,145,E,,,3252.5,2275.407,4029.875,2289.813,1177.086,3697.358,2904.362,3779.315,2207.617,2008.177,600.361,764.758,1645.329,1253.59,1130.103,2192.967,2400.357,1573.821,1293.362,586.687,562.04,899.169,1128.885,1236.86,1063.466,1295.314,1120.202,1427.121,1011.151,1530.004,1003.987,2697.792,1917.421,2673.172,2321.357,1666.876,1279.485,1027.37,1285.567,1210.68,1468.043,2074.356,1413.957,1436.684,2125.461,2422.872
30,N,150,E,,,3215.894,1320.224,1471.521,1036.834,2030.385,2219.513,4627.771,3145.476,7750.333,2571.352,792.5,1149.265,978.671,768.751,1977.552,1964.67,1739.547,2601.717,1625.013,753.2,431.078,652.044,1012.538,1326.444,2051.189,1365.249,1021.093,960.353,754.89,625.919,496.095,1260.361,911.048,764.209,1272.139,957.288,1235.646,871.652,789.3,939.061,842.515,1698.337,1370.556,1014.066,695.787,1137.151
30,N,155,E,,,3779.056,2924.83,776.391,1777.247,2567.63,2179.611,5088.778,2713.465,6120.823,1276.82,574.946,894.973,1479.584,880.001,2702.836,3094.339,1204.44,1949.196,1987.304,1737.363,950.623,1239.629,1134.27,1682.181,2555.57,1206.614,1315.959,1505.263,988.44,1329.803,649.195,534.492,767.785,1504.32,1013.821,1115.335,1189.217,916.737,642.299,458.012,960.487,1164.396,710.755,819.291,594.224,526.196
30,N,160,E,,,1034.191,1741.499,1436.329,2360.679,4101.765,1601.298,2191.838,1737.548,3474.284,2203.866,501.347,933.612,979.682,1297.096,543.134,1126.255,981.26,614.361,560.189,912.229,536.576,398.367,436.321,348.629,820.372,675.104,938.827,714.076,371.147,893.42,913.068,614.915,582.55,637.967,734.222,1085.386,1058.89,786.59,516.586,766.471,995.941,1272.356,874.149,1713.985,2190.543,931.75
30,N,165,E,,,583.394,326.215,1289.264,2251.945,1394.293,515.193,1525.586,1128.379,1374.976,1389.102,757.098,578.631,277.574,322.412,510.76,2575.12,918.232,1379.3,645.427,1372.851,725.505,651.035,451.923,1029.209,659.026,755.088,1050.609,1234.441,455.64,1060.965,1347.3,1226.226,796.372,764.134,872.078,859.939,866.669,1039.166,623.184,484.378,774.142,405.917,339.689,583.381,1564.389,636.149
30,N,170,E,,,855.862,1026.454,469.56,1299.568,1704.733,1252.463,1575.464,2972.841,2737.03,2707.228,1177.37,778.869,524.788,788.142,1177.683,2491.297,2384.164,2141.675,1452.948,2626.048,1839.578,1752.361,979.369,1398.002,1134.7,920.964,570.043,808.228,878.663,1319.707,1257.037,1199.93,1118.939,889.383,1121.393,837.204,1841.84,1342.292,1013.73,1234.2,1175.912,1167.452,1404.443,509.22,898.21,1553.245
30,N,175,E,,,1979.452,2937.722,1423.277,1494.685,425.642,763.396,485.774,814.944,1834.176,777.339,1095.095,605.628,201.771,1571.283,3020.407,3825.003,2305.223,2908.904,2019.578,1628.432,1762.544,1303.179,654.667,353.663,1738.764,480.409,463.785,543.7,670.962,1273.728,375.096,883.299,735.962,710.175,753.642,1458.882,2778.552,2430.665,756.12,1582.151,1114.848,1388.401,1691.781,233.657,29.402,210.44
30,N,180,W,,,,1259.317,281.911,520.445,94.482,1312.815,251.378,,,576.136,321.305,,,77.099,79.324,,61.916,236.177,122.323,61.001,33.256,200.477,,,189.858,,51.653,,,,,,,,,72.738,,48.121,36.857,,68.802,525.482,250.606,81.66,107.854,204.739
30,N,175,W,,,,1624.684,174.691,547.493,,484.145,242.107,823.881,31.915,,285.372,209.837,,193.911,,187.188,249.458,289.711,231.958,273.415,435.941,549.943,188.575,305.859,461.166,,588.113,392.418,110.334,244.652,164.173,322.951,281.56,337.386,105.847,859.978,248.404,228.782,187.689,327.601,286.628,1429.216,110.078,87.984,418.044,60.412
30,N,170,W,,,,,180.354,774.276,477.949,461.397,198.355,928.197,166.967,133.198,1386.981,460.262,418.461,331.697,93.966,409.191,155.939,170.066,385.476,405.529,939.84,372.62,276.305,427.659,929.738,175.838,548.385,124.498,410.261,408.258,,593.289,923.58,594.695,435.458,1019.828,735.023,412.825,254.372,217.476,576.476,1314.682,109.638,381.622,215.863,495.617
30,N,165,W,,,,,,734.585,603.071,1070.718,587.888,1714.39,718.941,572.071,901.79,1182.639,985.824,741.297,264.388,391.785,152.813,154.91,621.079,348.231,1452.476,579.597,450.108,261.994,1339.205,770.684,494.513,586.854,1453.482,689.809,1438.426,1561.096,1215.04,1054.077,735.695,926.89,893.634,1067.538,431.824,1120.051,535.952,841.003,216.19,725.963,1298.385,205.312
30,N,160,W,,,,,,989.551,240.611,767.058,1553.345,1575.965,1310.488,313.191,461.161,1855.895,370.055,299.925,413.745,187.157,60.23,264.073,384.894,719.735,1084.9,568.064,664.019,149.663,1679.362,1445.695,731.538,962.672,1859.058,1541.855,1905.436,1658.682,1681.68,2035.298,1081.745,619.372,1425.166,1298.987,1323.803,1421.654,1402.845,944.052,154.002,344.405,881.231,395.532
30,N,155,W,,,,,,402.158,902.34,693.573,1936.712,1041.713,937.087,614.595,719.777,1813.047,427.02,277.01,397.983,389.735,489.202,927.75,828.839,699.007,1281.572,660.434,338.565,312.503,1181.6,1289,488.369,1124.335,1917.161,1869.025,1871.553,1036.11,2001.559,1567.522,764.797,1209.429,2101.425,1668.045,1483.44,1304.082,731.37,1214.825,501.529,691.675,1176.304,950.224
30,N,150,W,,,,,,,,,,,,,,,,,,,,,,,,,,,,,,,,,,,,,,,,,,,,,,,,
30,N,145,W,,,,,,,,,,,,,,,,,,,,,,,,,,,,,,,,,,,,,,,,,,,,,,,,
30,N,140,W,,,,,,,,,,,,,,,,,,,,,,,,,,,,,,,,,,,,,,,,,,,,,,,,
30,N,135,W,,,,,,,,,,,,,,,,,,,,,,,,,,,,,,,,,,,,,,,,,,,,,,,,
30,S,105,E,,,,,,,,,,,,,,,,,,,,,,,,,,,,,,,,,,,,,,,,,,,,,,,,
30,S,110,E,,,,,,,,,,,,,,,,,,,,,,,,,,,,,,,,,,,,,,,,,,,,,,,,
30,S,115,E,,,,,,,,,,,,,,,,,,,,,,,,,,,,,,,,,,,,,,,,,,,,,,,,
30,S,120,E,,,,,,,,,,,,,,,,,,,,,,,,,,,,,,,,,,,,,,,,,,,,,,,,
30,S,125,E,,,,,,,,,,,,,,,,,,,,,,,,,,,,,,,,,,,,,,,,,,,,,,,,
30,S,130,E,,,,,,,,,,,,,,,,,,,,,,,,,,,,,,,,,,,,,,,,,,,,,,,,
30,S,135,E,,,,,,,,,,,,,,,,,,,,,,,,,,,,,,,,,,,,,,,,,,,,,,,,
30,S,140,E,,,,,,,,,,,,,,,,,,,,,,,,,,,,,,,,,,,,,,,,,,,,,,,,
30,S,145,E,,,,,,,,,,,,,,,,,,,,,,,,,,,,,,,,,,,,,,,,,,,,,,,,
30,S,150,E,,,,,287.803,330.618,,825.043,453.444,531.473,758.332,622.213,151.63,1031.866,894.864,1289.751,942.807,386.357,1317.375,896.139,449.473,1179.92,504.887,518.168,1063.304,256.31,589.732,,719.786,557.213,768.12,1850.565,1111.5,704.278,1150.763,1741.395,646.168,1185.897,882.08,1257.598,214.336,180.615,366.953,,115.181,495.655,785.12,1367.578
30,S,155,E,,,,,1892.942,306.183,,,631.514,496.301,658.47,175.61,1924.665,1089.196,688.742,758.803,959.514,934.248,588.909,475.06,1406.479,1519.128,1423.096,1048.374,2050.784,1314.397,1848.078,1501.849,959.224,1351.319,1453.694,1890.814,1955.333,1471.53,1440.9,1915.971,1553.822,1688.588,2489.999,1640.486,2061.627,1764.51,1532.303,605.82,1154.256,1135.849,1365.289,2583.348
30,S,160,E,,,,,307.666,,,122.04,128.961,,698.197,79.139,1245.411,884.458,569.11,956.821,1381.024,672.923,442.349,76.597,817.809,842.941,207.536,709.684,191.826,617.274,98.295,484.478,421.989,498.834,460.717,549.517,550.764,712.741,557.294,397.232,203.001,320.647,643.385,740.64,713.882,1328.934,514.718,586.301,463.898,1402.179,2070.269,1555.411
30,S,165,E,,,,,625.261,,,173.21,,400.958,727.164,611.878,,319.681,,277.977,547.889,279.148,,239.292,355.408,683.624,273.968,1325.372,168.915,,278.012,410.622,527.526,309.452,600.17,35.853,313.343,,139.531,,46.607,,62.404,69.362,434.065,82.425,,,,,,326.582
30,S,170,E,,,,,333.665,955.729,841.141,137.919,480.97,1795.071,930.201,1331.662,170.468,191.629,,,968.495,304.365,217.329,,97.999,,338.987,1365.231,27.312,359.612,916.285,158.903,934.976,295.136,827.028,337.993,318.501,817.984,555.377,662.827,353.535,96.957,32.954,94.617,393.871,759.547,,257.111,400.836,1076.266,676.168,620.448
30,S,175,E,,,,,,477.112,464.095,155.639,1378.222,1620.116,1343.191,1645.526,,138.734,215.228,421.729,1653.773,817.714,274.267,221.553,,,,759.033,77.64,230.747,1209.764,601.749,94.533,115.184,870.603,109.029,342.457,702.986,332.163,596.692,1020.699,653.949,276.135,217.529,239.135,592.14,,231.593,268.069,702.262,606.353,450.461
30,S,180,W,,,,,,155.123,801.404,,586.001,764.553,1193.558,1637.515,85.438,,215.934,190.9,915.264,464.494,167.502,148.047,,,226.955,,,,1941.002,316.723,51.252,,173.479,517.038,374.454,53.992,79.396,410.127,,,,133.751,,,,,,,,
30,S,175,W,,,,,,820.787,114.38,,728.624,181.96,593.004,518.316,104.102,,531.452,356.955,893.82,817.177,634.625,677.922,611.972,75.937,782.607,871.573,191.795,588.324,607.268,603.413,849.013,405.563,862.211,544.71,488.054,942.853,465.105,1073.923,1160.144,1184.21,1219.685,436.316,,471.076,415.809,212.048,881.085,340.198,241.937,445.589
30,S,170,W,,,,,,306.633,,,2489.619,1442.289,505.561,283.484,703.087,104.247,157.639,854.53,818.37,724.599,81.382,235.581,1160.425,76.29,405.109,619.609,407.888,382.428,1265.028,591.278,1262.293,442.337,393.283,255.493,267.918,335.982,382.309,72.204,761.338,1171.992,1228.124,526.208,667.795,598.727,391.337,662.649,674.977,477.581,381.728,660.578
30,S,165,W,,,,,,405.311,594.901,,1597.928,,,114.773,303.122,292.392,358.1,639.031,1631.237,327.721,55.198,1007.98,827.937,457.546,740.127,718.56,63.987,206.832,457.967,379.691,293.519,226.411,711.495,317.576,359.309,175.057,289.888,544.262,349.57,285.033,870.503,637.846,482.819,586.455,760.149,453.007,455.495,109.529,198.621,394.263
30,S,160,W,,,,,,101.644,,,100.226,,,153.416,774.987,95.797,,204.939,742.226,463.598,176.367,445.036,494.603,169.014,646.578,827.57,153.944,,290.91,476.185,688.276,115.567,931.526,625.789,175.34,159.214,188.522,224.2,72.554,258.796,447.409,539.729,,,497.095,564.355,1201.452,,,324.225
30,S,155,W,,,,,,,,,,,886.874,,,91.46,,176.142,587.783,311.168,130.326,226.819,71.52,898.967,796.796,373.78,406.836,,501.97,118.981,167.502,244.85,984.849,203.763,129.597,242.931,,93.864,241.764,65.701,162.537,,,,1351.511,922.807,744.483,,,96.794
30,S,150,W,,,,,,,,,,,,,101.143,262.344,,113.806,225.972,317.39,,66.655,509.918,503.361,214.84,843.235,661.946,,,684.762,218.616,144.939,446.705,196.103,120.87,210.614,,159.545,,,83.81,18.57,,,42.889,438.271,352.081,,,48.385
30,S,145,W,,,,,,,,,,,,,,416.127,,,,194.789,145.353,53.541,43.11,1993.379,105.845,198.475,405.318,78.892,,1159.617,358.028,68.062,346.296,80.668,224.193,122.651,,74.558,,65.609,174.26,,,,102.404,38.391,,,,
30,S,140,W,,,,,,,,,,,,,,176.074,,,,314.428,725.861,,367.388,999.288,747.887,432.848,454.413,186.84,,323.742,1089.286,896.809,372.525,374.611,160.027,93.117,79.921,32.191,,116.661,155.727,,,,669.232,649.475,1000.037,,93.473,
30,S,135,W,,,,,,,,,,,,,,162.921,,,,,314.648,376.649,95.648,329.714,131.127,235.63,455.459,,,60.386,,619.612,107.588,195.245,56.099,135.657,,,,,,,,,146.479,62.148,271.828,,,
35,N,105,E,,,,,,,,,,,,,,,,,,,,,,,,,,,,,,,,,,,,,,,,,,,,,,,,
35,N,110,E,,,,,,,,,,,,,,,,,,,,,,,,,,,,,,,,,,,,,,,,,,,,,,,,
35,N,115,E,,,,,,,,,,,,,,,,,,,,,,,,,,,,,,,,,,,,,,,,,,,,,,,,
35,N,120,E,,,,,,,,,,,,,,,,,,,,,,,,,,,,,,,,,,,,,,,,,,,,,,,,
35,N,125,E,,,,,,,,,,,,,,,,,,,,,,,,,,,,,,,,,,,,,,,,,,,,,,,,
35,N,130,E,,,,,,,,,,,,,,,,,,,,,,,,,,,,,,,,,,,,,,,,,,,,,,,,
35,N,135,E,,,,,,,,,,,,,,,,,,,,,,,,,,,,,,,,,,,,,,,,,,,,,,,,
35,N,140,E,,,3549.306,1688.8,943.793,334.739,101.451,478.515,563.131,655.302,542.438,710.531,423.785,304.52,730.133,615.255,562.505,333.87,250.461,123.469,143.815,605.63,53.116,30.105,30.917,50.356,112.817,218.846,139.808,512.987,161.572,172.19,249.964,571.758,758.661,505.84,230.912,272.146,330.895,171.25,252.633,281.514,253.905,719.464,289.217,497.002,303.934,200.304
35,N,145,E,,,1504.833,1617.528,435.013,233.748,1.705,847.528,1095.675,1296.533,288.709,91.109,134.605,702.192,465.899,35.186,255.107,216.54,162.989,90.915,148.444,53.976,69.207,83.111,95.139,144.178,242.681,409.592,426.011,454.373,567.225,343.813,365.994,444.258,554.281,361.508,346.822,399.737,357.438,374.081,539.887,516.648,474.101,887.622,339.061,1612.543,535.141,665.511
35,N,150,E,,,1730.203,1624.548,504.672,773.42,1907.203,1399.284,1502.657,2020.695,397.774,173.769,,402.141,838.436,329.895,775.85,1758.247,478.277,842.196,571.63,477.746,288.825,292.028,607.057,555.912,454.98,546.824,600.493,538.953,787.047,516.659,441.827,714.798,1105.618,1022.602,756.242,792.498,1209.24,975.432,1031.892,1425.075,1036.345,1928.372,2206.686,2753.727,1596.226,2000.585
35,N,155,E,,,1924.035,809.651,977.473,1086.409,1429.904,1373.827,1861.553,1800.27,2208.683,891.321,753.647,795.369,1917.078,1524.163,4269.907,2113.051,1385.441,1339.079,1180.276,1445.36,1081.154,802.174,1399.24,1224.34,896.946,817.718,740.692,842.16,1587.899,1292.481,814.361,821.489,1152.426,1292.747,1235.528,1048.211,1567.789,1708.029,1484.773,1857.804,1828.513,3193.321,2402.915,1822.519,1678.325,1982.33
35,N,160,E,,,948.205,346.437,824.769,1197.966,2724.066,429.392,890.959,1523.708,1253.97,1114.539,612.832,955.929,990.78,2445.774,510.158,1925.702,543.704,461.181,474.072,450.599,547.786,361.229,945.998,650.632,589.916,298.103,1191.1,441.693,662.761,564.333,729.196,571.869,1084.176,621.795,864.048,1027.404,2113.563,1702.451,1641.896,1911.578,1687.39,2341.043,2075.159,2418.354,1535.21,1297.986
35,N,165,E,,,754.747,530.86,1718.155,2368.653,1283.849,135.824,1167.891,705.049,481.95,641.028,1210.857,226.217,231.636,1585.869,387.678,1048.186,239.699,,,145.902,756.121,448.607,706.076,195.598,83.738,32.086,238.532,321.173,298.839,581.086,1018.854,396.029,509.832,724.029,726.035,947.619,928.371,1570.417,694.979,871.642,1103.802,575.183,1104.063,393.247,585.724,942.048
35,N,170,E,,,646.218,666.21,397.65,1212.634,2246.947,2527.07,3547.497,1807.88,1716.232,1664.228,755.637,1064.473,1503.488,1302.207,1016.743,485.393,236.018,52.76,,,,166.332,88.208,19.701,,,,21.158,176.388,331.844,706.441,381.518,528.619,1073.727,676.775,1192.396,1144.58,184.445,732.329,542.604,668.113,180.696,801.66,420.272,681.555,1182.567
35,N,175,E,,,941.944,65.642,126.98,373.323,1554.447,109.054,880.907,405.041,2403.523,2051.43,1442.041,1069.665,637.37,396.893,1303.302,1690.452,840.464,321.335,,,67.758,,,,69.44,,,,,152.775,523.442,336.456,299.051,207.289,339.636,571.999,821.96,156.961,926.631,499.676,488.652,299.985,239.71,98.446,79.737,
35,N,180,W,,,,,169.089,150.788,55.045,,,,507.987,3474.873,56.039,,92.062,,,,122.123,,,,,,,,,,,,,,,,,,,,,,,,,,,304.021,,119.628
35,N,175,W,,,,,,,52.443,,,,,1682.513,263.558,195.531,41.327,,,,,,,,,,,,,,,,,,,,47.988,640.718,11.606,99.922,,,,,,142.584,,421.778,,367.958
35,N,170,W,,,,,,,,,,,,,1466.058,214.397,,74.732,,,,,,,,,,101.838,,,,,,174.532,,,177.328,469.96,,128.859,175.371,50.781,,,,,,773.257,59.869,186.937
35,N,165,W,,,,,,,,,,,,,327.497,628.085,217.808,,,,,,159.431,,,82.28,,,,,,,,457.779,53.195,,475.78,285.896,78.745,157.977,160.607,,,95.201,,,121.829,187.632,626.654,310.955
35,N,160,W,,,,,,,,,,,,,280.077,746.009,,,,,,,,,121.388,457.887,,,141.151,,,,68.015,353.687,218.301,,469.927,153.028,167.519,82.56,286.434,,,,,,,141.394,,
35,N,155,W,,,,,,,,,,,,,,744.642,,,,,,,,,303.408,315.126,,,,,,,117.914,152.385,413.738,,165.332,104.285,124.09,,400.823,34.378,,58.726,,,,,,
35,N,150,W,,,,,,,,,,,,,,,,,,,,,,,,,,,,,,,,,,,,,,,,,,,,,,,,
35,N,145,W,,,,,,,,,,,,,,,,,,,,,,,,,,,,,,,,,,,,,,,,,,,,,,,,
35,N,140,W,,,,,,,,,,,,,,,,,,,,,,,,,,,,,,,,,,,,,,,,,,,,,,,,
35,N,135,W,,,,,,,,,,,,,,,,,,,,,,,,,,,,,,,,,,,,,,,,,,,,,,,,
35,S,105,E,,,,,,,,,,,,,,,,,,,,,,,,,,,,,,,,,,,,,,,,,,,,,,,,
35,S,110,E,,,,,,,,,,,,,,,,,,,,,,,,,,,,,,,,,,,,,,,,,,,,,,,,
35,S,115,E,,,,,,,,,,,,,,,,,,,,,,,,,,,,,,,,,,,,,,,,,,,,,,,,
35,S,120,E,,,,,,,,,,,,,,,,,,,,,,,,,,,,,,,,,,,,,,,,,,,,,,,,
35,S,125,E,,,,,,,,,,,,,,,,,,,,,,,,,,,,,,,,,,,,,,,,,,,,,,,,
35,S,130,E,,,,,,,,,,,,,,,,,,,,,,,,,,,,,,,,,,,,,,,,,,,,,,,,
35,S,135,E,,,,,,,,,,,,,,,,,,,,,,,,,,,,,,,,,,,,,,,,,,,,,,,,
35,S,140,E,,,,,,,,,,,,,,,,,,,,,,,,,,,,,,,,,,,,,,,,,,,,,,,,
35,S,145,E,,,,,,,,,,,,,,,,,,,,,,,,,,,,,,,,,,,,,,,,,,,,,,,,
35,S,150,E,,,,,,,,,,,,,2875.691,2521.414,130.262,1831.628,1637.724,453.944,1295.048,628.48,,2470.341,1097.73,535.223,451.769,663.527,178.103,,275.688,635.145,117.975,955.672,470.957,104.09,,,,691.674,523.158,481.549,432.542,348.25,656.324,996.128,685.221,1533.747,1187.603,667.695
35,S,155,E,,,,,,,,,,,,1212.437,,1576.365,2403.417,695.85,1921.731,162.257,596.923,489.832,762.072,402.304,452.302,771.334,814.382,50.267,587.788,,90.46,840.854,110.614,267.599,611.599,1385.67,701.837,1461.713,1734.715,1675.39,1384.295,1300.291,1396.059,437.795,844.083,1925.54,1230.384,1697.863,905.369,1014.383
35,S,160,E,,,,,,,,,,,,752.93,,1490.335,552.229,102.078,106.386,,,,162.553,,95.17,567.467,38.484,502.665,284.115,,566.932,598.706,467.116,153.997,59.656,315.303,407.563,307.548,179.142,332.616,1385.947,636.535,308.07,699.381,655.948,960.142,810.684,413.977,584.424,636.765
35,S,165,E,,,,,,,,,,,,315.667,,1067.428,,,177.37,,,214.208,,141.125,,448.007,115.105,275.329,54.563,727.68,515.903,713.928,840.077,753.488,205.68,179.902,400.652,604.094,1705.861,199.249,1221.962,748.377,219.651,926.419,196.688,374.767,745.259,137.04,389.269,832.698
35,S,170,E,,,,,,,163.178,,,1060.345,,2177.671,,1183.511,224.611,,356.226,88.332,,306.291,48.897,730.196,186.531,544.579,778.169,181.487,272.398,855.509,32.438,146.564,626.974,797.194,957.601,659.128,1065.827,1205.692,1063.598,1218.525,359.444,100.873,344.2,359.811,204.784,,40.585,,42.903,
35,S,175,E,,,,,,,,2527.075,1580.94,7780.397,1502.669,5245.21,,606.702,,959.608,298.024,65.386,242.933,409.452,72.248,503.264,217.83,1385,230.645,,,1020.16,,,142.725,491.741,549.02,355.305,453.718,287.374,290.576,533.072,193.495,114.549,410.005,213.054,14.697,31.803,82.565,,,
35,S,180,W,,,,,,,,319.025,,2426.124,,486.603,,,,454.291,,,232.649,137.695,265.902,172.266,141.751,,251.567,218.807,127.714,206.369,,,,129.481,115.493,,88.748,,,53.566,,,,,,,,,,
35,S,175,W,,,,,,,,,,,,,,,,,,,417.476,,411.4,740.701,88.444,1238.567,534.306,,245.545,217.727,117.805,309.664,602.449,797.416,,105.001,45.674,,,,,55.692,,407.969,,,,,,
35,S,170,W,,,,,,,,,,,,,,,,,683.473,806.105,100.049,346.384,815.937,215.394,,243.323,328.616,,,166.488,,661.282,92.794,316.289,,,,,116.693,120.514,73.698,127.423,,,,83.223,,,,
35,S,165,W,,,,,,,,,,,,,,,,,227.816,302.331,,,180.442,149.426,,289.915,837.263,70.941,,155.696,88.897,117.023,1008.258,157.879,33.286,111.55,265.923,120.772,214.208,166.215,253.484,143.743,90.561,,,249.434,125.823,,168.155,
35,S,160,W,,,,,,,,,,,,,,,,,141.158,505.205,,,,,,35.386,,122.67,84.206,34.007,100.603,54.443,49.837,222.915,53.612,,244.935,272.945,309.737,313.224,294.608,,69.37,232.225,92.96,99.541,786.58,,256.91,382.318
35,S,155,W,,,,,,,,,,,,,,,,,,264.398,,,,338.194,,182.715,,,62.697,115.517,253.532,44.409,55.008,250.798,36.504,119.377,96.307,155.326,178.559,88.655,308.889,,,289.339,693.204,393.923,1183.747,,106.173,169.715
35,S,150,W,,,,,,,,,,,,,,,,,,491.256,,,122.937,354.72,,,59.551,,,233.199,624.225,161.624,348.643,322.782,225.812,170.606,152.66,134.804,56.756,,98.579,25.672,162.027,,440.87,1257.073,436.117,,,226.794
35,S,145,W,,,,,,,,,,,,,,,,,,650.646,66.162,,84.478,67.367,59.547,,33.509,,,114.02,379.174,102.784,406.359,87.035,211.221,118.584,171.883,68.216,,,133.693,,,,393.475,658.67,59.369,,,116.501
35,S,140,W,,,,,,,,,,,,,,90.578,,,,785.246,,,223.561,562.435,203.953,90.161,53.909,,,,60.718,67.955,71.386,66.828,20.923,75.543,,,,42.538,98.776,56.197,,,156.269,344.454,33.424,,29.17,137.689
35,S,135,W,,,,,,,,,,,,,,,,,,177.98,422.763,62.441,144.707,295.376,113.868,141.761,,79.795,,,,,,,,,,,,,,,,,593.322,,,352.94,79.476,138.631
40,N,105,E,,,,,,,,,,,,,,,,,,,,,,,,,,,,,,,,,,,,,,,,,,,,,,,,
40,N,110,E,,,,,,,,,,,,,,,,,,,,,,,,,,,,,,,,,,,,,,,,,,,,,,,,
40,N,115,E,,,,,,,,,,,,,,,,,,,,,,,,,,,,,,,,,,,,,,,,,,,,,,,,
40,N,120,E,,,,,,,,,,,,,,,,,,,,,,,,,,,,,,,,,,,,,,,,,,,,,,,,
40,N,125,E,,,,,,,,,,,,,,,,,,,,,,,,,,,,,,,,,,,,,,,,,,,,,,,,
40,N,130,E,,,,,,,,,,,,,,,,,,,,,,,,,,,,,,,,,,,,,,,,,,,,,,,,
40,N,135,E,,,,,,,,,,,,,,,,,,,,,,,,,,,,,,,,,,,,,,,,,,,,,,,,
40,N,140,E,,,88.019,56.346,328.842,446.755,499.227,58.023,0.521,26.94,4.496,4.581,,3.058,,48.113,61.427,67.335,0.282,,,,,0.095,,,5.588,19.232,,69.26,24.286,3.626,111.731,0.665,2.721,1.156,3.234,1.112,1.072,,,,,,,,,
40,N,145,E,,,29.689,74.636,22.629,21.347,,,,2.599,15.812,20.12,40.547,5.664,80.412,102.788,282.897,70.421,1.533,15.79,0.237,0.284,3.932,2.77,0.616,2.363,88.509,83.544,44.249,41.631,54.349,5.121,58.604,7.194,3.667,,,25.161,0.248,,,,,,,,,
40,N,150,E,,,647.689,186.026,92.759,,,,,180.546,37.401,113.562,4.99,,5.336,18.325,290.752,15.681,49.587,187.211,13.447,,1.278,6.179,10.476,71.792,51.785,110.093,23.713,29.652,51.626,1.045,0.848,0.475,1.112,,162.281,433.076,141.412,24.239,,25.621,,139.815,87.054,110.286,42.357,174.358
40,N,155,E,,,838.659,223.147,42.008,88.792,,34.054,,37.742,134.326,145.607,,,21.831,,232.921,60.109,176.644,96.509,68.959,,,,,,,20.479,69.294,65.377,,,,,,,331.33,184.854,244.389,6.312,12.694,90.225,,,60.374,19.99,53.263,
40,N,160,E,,,147.686,394.094,99.848,100.97,14.621,,,50.005,82.372,122.31,,,,9.459,,49.949,302.417,123.321,,,,,,,,,,,,,,,,,,103.842,61.389,,2.953,,,,,,,
40,N,165,E,,,,,475.577,519.775,,,538.793,330.215,403.021,49.829,145.444,86.289,,,,29.783,,,,,,,,,,,,,,,,,,,,,,,,,,,,,,
40,N,170,E,,,,,,169.551,474.348,,197.785,680.271,134.197,357.598,110.376,,,,128.195,,,,,,,,,,,,,,,,,,,,,,,,,,,,,,,
40,N,175,E,,,,,,,,,,461.63,433.809,95.353,,,,,,,,,,,,,,,,,,,,,,,,,,,,,,,,146.891,,,,
40,N,180,W,,,,,,,,,,,,54.77,,,,,,,,,,,,,,,,,,,,,,,,,42.73,,,,,,,,,2737.855,,
40,N,175,W,,,,,,,,,,,,,,,,,,,,,,,,,,,,,,,,,,,,,,,,,,,,,,28.131,,199.598
40,N,170,W,,,,,,,,,,,,,,165.758,,,,,,,,,,,,,,,,,,,,,,,,,,,,,,,,,,
40,N,165,W,,,,,,,,,,,,,,429.256,,,,,,,,,,,,,,,,,,,,,,,,,,,,,,,,,,
40,N,160,W,,,,,,,,,,,,,,295.496,,,,,,,,,,,,,,,,,,,,,,,59.023,,,,,,,,,,,
40,N,155,W,,,,,,,,,,,,,,69.616,,,,,,,,,,,,,,,,,,,,,,,,,,,,,,,,,,
40,N,150,W,,,,,,,,,,,,,,,,,,,,,,,,,,,,,,,,,,,,,,,,,,,,,,,,
40,N,145,W,,,,,,,,,,,,,,,,,,,,,,,,,,,,,,,,,,,,,,,,,,,,,,,,
40,N,140,W,,,,,,,,,,,,,,,,,,,,,,,,,,,,,,,,,,,,,,,,,,,,,,,,
40,N,135,W,,,,,,,,,,,,,,,,,,,,,,,,,,,,,,,,,,,,,,,,,,,,,,,,
40,S,105,E,,,,,,,,,,,,,,,,,,,,,,,,,,,,,,,,,,,,,,,,,,,,,,,,
40,S,110,E,,,,,,,,,,,,,,,,,,,,,,,,,,,,,,,,,,,,,,,,,,,,,,,,
40,S,115,E,,,,,,,,,,,,,,,,,,,,,,,,,,,,,,,,,,,,,,,,,,,,,,,,
40,S,120,E,,,,,,,,,,,,,,,,,,,,,,,,,,,,,,,,,,,,,,,,,,,,,,,,
40,S,125,E,,,,,,,,,,,,,,,,,,,,,,,,,,,,,,,,,,,,,,,,,,,,,,,,
40,S,130,E,,,,,,,,,,,,,,,,,,,,,,,,,,,,,,,,,,,,,,,,,,,,,,,,
40,S,135,E,,,,,,,,,,,,,,,,,,,,,,,,,,,,,,,,,,,,,,,,,,,,,,,,
40,S,140,E,,,,,,,,,,,,,,,,,,,,,,79.647,,,,,,,,,,,,,,,,,,,,,,,,,,
40,S,145,E,,,,,,,,,,,,,,,,,,,,,,,,,,,,,,,,,,,,,,,,,,,,,,,,
40,S,150,E,,,,,,,,,,,,,3961.19,11131.439,3171.32,7447.315,8384.246,5665.756,3721.236,1885.168,983.843,3330.91,5974.568,6804.942,5143.774,1543.368,267.455,3068.367,3878.072,2809.66,3659.23,2857.159,1424,1511.703,914.076,53.374,49.212,326.12,398.131,2141.881,905.784,1291.239,880.201,1516.006,1603.058,854.218,1205.252,2613.896
40,S,155,E,,,,,,,,,,,,,444.383,1413.696,4826.718,2234.583,998.129,242.823,216.214,47.045,1107.103,946.185,782.687,590.682,440.123,211.778,156.352,139.205,123.683,468.272,366.442,349.278,987.831,1049.693,228.904,486.054,910.675,756.193,851.175,1739.887,1138.849,1447.062,1794.207,1982.94,2754.597,2236.74,2473.495,2855.619
40,S,160,E,,,,,,,,,,,,383.199,,1069.716,,,,,,,,,110.688,54.29,39.513,,,,,,113.023,235.23,87.318,47.603,153.081,,175.502,,75.395,200.241,707.937,1999.834,580.953,451.441,138.546,863.415,1426.524,1293.53
40,S,165,E,,,,,,,,,,,,,,,,,,,,,,183.738,,,315.117,344.739,81.273,,,,173.566,559.94,216.35,348.371,36.211,,202.332,,,332.261,342.493,56.229,21.332,128.835,326.462,,153.65,517.948
40,S,170,E,,,,,,,,,,,,,,,,,,,,,,43.051,,200.76,155.069,,60.98,23.78,,219.289,,,,71.347,,,120.804,32.535,,,,,,25.963,,,,
40,S,175,E,,,,,,,,4401.277,1373.921,4846.638,2384.114,4239.398,,1266.71,2240.358,1988.006,2703.087,2126.825,2005.403,2311.945,1353.654,3098.138,4874.952,3819.797,5128.391,2355.668,3675.432,964.762,12.563,1768.018,4381.23,3127.075,2579.468,1721.978,1427.222,1379.062,1346.665,1561.969,1320.675,606.98,1208.254,667.404,697.067,450.713,879.529,1072.852,1661.539,1227.728
40,S,180,W,,,,,,,,4196.128,525.093,1873.13,2127.104,2470.938,,,,1389.093,846.99,488.84,,427.852,173.694,576.673,284.972,129.089,701.192,262.859,746.95,185.612,,,71.634,81.574,,93.032,,32.921,,102.578,,54.275,55.547,172.557,122.471,36.631,,,,
40,S,175,W,,,,,,,,1156.717,,,,,,,,,,,,,148.578,152.781,228.971,246.977,1313.11,,,,,,,,,,,,,,,,,,,,,,,
40,S,170,W,,,,,,,,548.256,,,,,,,,,,,,,,,93.052,,65.381,,114.383,,,153.183,,96.207,,,,,,,,164.894,,,,,,,,
40,S,165,W,,,,,,,,,,,,,,,,,,,,,,,,,44.637,,,,,306.735,66.714,493.204,107.713,,43.159,,,,136.657,172.574,,,3246.027,,,,,
40,S,160,W,,,,,,,,,,,,,,,,,,,,,,,,,895.426,167.228,119.451,98.163,103.282,544.273,432.548,806.43,419.997,82.293,482.444,144.019,394.754,230.785,358.821,29.603,,,193.853,48.809,142.191,,,52.774
40,S,155,W,,,,,,,,,,,,,,,,,,,,,,,150.508,,1230.598,676.391,,586.605,393.424,406.552,421.201,519.641,471.697,312.513,677.769,943.019,1747.815,473.466,677.869,36.773,,,2011.94,202.34,989.434,,349.9,190.658
40,S,150,W,,,,,,,,,,,,,,,,,,,,,,,101.679,,851.649,240.817,,261.783,1891.641,319.11,204.15,1049.911,987.207,504.973,611.689,553.093,1918.646,285.708,578.73,284.765,873.349,266.679,2485.797,1793.249,771.692,,433.078,368.88
40,S,145,W,,,,,,,,,,,,,,,,,,,,,,,354.727,483.089,165.369,603.952,,,1588.821,96.391,125.117,184.318,742.16,680.504,446.047,480.197,493.555,201.59,1063.61,702.211,,,924.327,1057.481,170.326,,220.695,135.963
40,S,140,W,,,,,,,,,,,,,,,,,,,,,,176.095,754.064,987.068,228.984,,,,450.157,101.863,193.37,51.239,712.091,926.787,216.48,934.493,,551.888,599.141,961.624,,,1440.399,386.792,124.343,,,
40,S,135,W,,,,,,,,,,,,,,,,,,,,,,150.676,1051.534,312.422,140.822,,,,,,,,1362.585,420.228,,637.327,,692.686,,383.604,,,506.135,170.784,72.64,,,
45,N,105,E,,,,,,,,,,,,,,,,,,,,,,,,,,,,,,,,,,,,,,,,,,,,,,,,
45,N,110,E,,,,,,,,,,,,,,,,,,,,,,,,,,,,,,,,,,,,,,,,,,,,,,,,
45,N,115,E,,,,,,,,,,,,,,,,,,,,,,,,,,,,,,,,,,,,,,,,,,,,,,,,
45,N,120,E,,,,,,,,,,,,,,,,,,,,,,,,,,,,,,,,,,,,,,,,,,,,,,,,
45,N,125,E,,,,,,,,,,,,,,,,,,,,,,,,,,,,,,,,,,,,,,,,,,,,,,,,
45,N,130,E,,,,,,,,,,,,,,,,,,,,,,,,,,,,,,,,,,,,,,,,,,,,,,,,
45,N,135,E,,,,,,,,,,,,,,,,,,,,,,,,,,,,,,,,,,,,,,,,,,,,,,,,
45,N,140,E,,,,,,,,,,,,,,,,,,,,,,,,,,16.342,,,,,,,,,,,,,,,,,,,,,,
45,N,145,E,,,,,,,,,,,,,,,,,,,,,,,,,,,,,,,,,,,,,,,,,,,,,,,,
45,N,150,E,,,,,,,,,,,,,,,,,,,,,,,,,,,,,,,,,,,,,,,,,,,,,,,,
45,N,155,E,,,,,,,,,,,,,,,,,,,,,,,,,,,,,,,,,,,,,,,,,,,,,,,,
45,N,160,E,,,,,,4.025,,,,,,,,,,,,,,,,,,,,,,,,,,,,,,,,,,,,,,,,,,
45,N,165,E,,,,,,,,,,,,,,,,,,,,,,,,,,,,,,,,,,,,,,,,,,,,,,,,
45,N,170,E,,,,,,,,,,,,,,,,,,,,,,,,,,,,,,,,,,,,,,,,,,,,,,,,
45,N,175,E,,,,,,,,,,,,,,,,,,,,,,,,,,,,,,,,,,,,,,,,,,,,,,,,
45,N,180,W,,,,,,,,,,,,,,,,,,,,,,,,,,,,,,,,,,,,,,,,,,,,,,,,
45,N,175,W,,,,,,,,,,,,,,,,,,,,,,,,,,,,,,,,,,,,,,,,,,,,,,,,
45,N,170,W,,,,,,,,,,,,,,,,,,,,,,,,,,,,,,,,,,,,,,,,,,,,,,,,
45,N,165,W,,,,,,,,,,,,,,,,,,,,,,,,,,,,,,,,,,,,,,,,,,,,,,,,
45,N,160,W,,,,,,,,,,,,,,,,,,,,,,,,,,,,,,,,,,,,,,,,,,,,,,,,
45,N,155,W,,,,,,,,,,,,,,,,,,,,,,,,,,,,,,,,,,,,,,,,,,,,,,,,
45,N,150,W,,,,,,,,,,,,,,,,,,,,,,,,,,,,,,,,,,,,,,,,,,,,,,,,
45,N,145,W,,,,,,,,,,,,,,,,,,,,,,,,,,,,,,,,,,,,,,,,,,,,,,,,
45,N,140,W,,,,,,,,,,,,,,,,,,,,,,,,,,,,,,,,,,,,,,,,,,,,,,,,
45,N,135,W,,,,,,,,,,,,,,,,,,,,,,,,,,,,,,,,,,,,,,,,,,,,,,,,
45,S,105,E,,,,,,,,,,,,,,,,,,,,,,,,,,,,,,,,,,,,,,,,,,,,,,,,
45,S,110,E,,,,,,,,,,,,,,,,,,,,,,,,,,,,,,,,,,,,,,,,,,,,,,,,
45,S,115,E,,,,,,,,,,,,,,,,,,,,,,,,,,,,,,,,,,,,,,,,,,,,,,,,
45,S,120,E,,,,,,,,,,,,,,,,,,,,,,,,,,,,,,,,,,,,,,,,,,,,,,,,
45,S,125,E,,,,,,,,,,,,,,,,,,,,,,,,,,,,,,,,,,,,,,,,,,,,,,,,
45,S,130,E,,,,,,,,,,,,,,,,,,,,,,,,,,,,,,,,,,,,,,,,,,,,,,,,
45,S,135,E,,,,,,,,,,,,,,,,,,,,,,,,,,,,,,,,,,,,,,,,,,,,,,,,
45,S,140,E,,,,,,,,,,,,,,,,,,,,,,,,,,,,,,,,,,,,,,,,,,209.819,349.926,527.891,143.991,,,
45,S,145,E,,,,,,,,,,,,,1855.957,2512.863,1082.865,2157.102,2192.676,2592.988,4012.433,3600.677,3930.542,1450.865,3194.442,327.944,893.534,,300.103,283.582,673.161,146.471,283.893,215.14,137.76,365.759,560.08,,421.697,772.582,874.507,2119.167,1445.492,1758.468,2590.599,2576.049,3030.3,1481.912,301.74,233.929
45,S,150,E,,,,,,,,,,,,,3798.989,537.965,1921.247,659.386,,112.555,,,,278.621,,,,,,,,,,,,62.299,,,,,,332.416,774.009,257.45,683.741,725.742,166.677,35.489,179.695,1019.499
45,S,155,E,,,,,,,,,,,,,,127.682,,,,,,,,,,,,,,,,,,,,,,,,,,,,,,,,,,
45,S,160,E,,,,,,,,,,,,,,,,,,,,,,,,,,,,,,,,,,,,,,,,,27.201,9.603,,,,,,
45,S,165,E,,,,,,,,,,,,,,,,,,,,,,,,,,,,,,,,,,,,,,,,,49.86,139.119,413.698,105.872,252.376,189.151,57.962,183.935
45,S,170,E,,,,,,,,,,,,,,,,,,,,624.676,282.372,961.415,998.737,281.565,353.507,12.139,969.429,72.114,,216.233,402.932,339.901,55.695,36.584,,,29.689,9.745,9.268,27.372,11.331,25.232,81.099,13.958,40.172,221.059,,
45,S,175,E,,,,,,,,,,,,,1403.068,,176.421,145.026,303.935,503.519,866.237,1967.968,789.281,1794.276,2395.778,175.096,581.179,623.914,1172.08,122.036,26.156,259.634,1105.216,1566.979,966.199,430.041,431.483,84.49,184.369,39.559,90.764,29.151,,15.777,,,,,,
45,S,180,W,,,,,,,,,,,,,,,,,,,,,,275.694,96.806,,,,71.746,,,,85.083,110.435,39.104,52.514,,,,,,9.541,,,,,,,,
45,S,175,W,,,,,,,,,,,,,,,,,,,,,,,,,524.128,,,,,,,,,,,,,,,,,,,,,,,
45,S,170,W,,,,,,,,,,,,,,,,,,,,,,,,,,,,,,,,,,,,,,,,,,,,,,,,
45,S,165,W,,,,,,,,,,,,,,,,,,,,,,,,,,,,,,,,,,,,,,,,,,,,,,,,
45,S,160,W,,,,,,,,,,,,,,,,,,,,,,,,,,,,,,,,,,,,,,,,,,,,,,,,
45,S,155,W,,,,,,,,,,,,,,,,,,,,,,,,,205.483,,,,,,,,,,,,,7.143,,,,,,64.166,,,,
45,S,150,W,,,,,,,,,,,,,,,,,,,,,,,,,82.455,,,,,,,,,,,,54.047,,,70.991,,,,,,,111.876,29.747
45,S,145,W,,,,,,,,,,,,,,,,,,,,,,,,,,,,,,,,,,,,,83.217,,,,,,,,,,,
45,S,140,W,,,,,,,,,,,,,,,,,,,,,,,,,,,,,,,,,,,,232.601,70.976,,,36.335,,,64.404,,,,147.679,
45,S,135,W,,,,,,,,,,,,,,,,,,,,,,,,,,,,,,,,,,,,,69.8,,,,,,164.258,,,,,
50,S,105,E,,,,,,,,,,,,,,,,,,,,,,,,,,,,,,,,,,,,,,,,,,,,,,,,
50,S,110,E,,,,,,,,,,,,,,,,,,,,,,,,,,,,,,,,,,,,,,,,,,,,,,,,
50,S,115,E,,,,,,,,,,,,,,,,,,,,,,,,,,,,,,,,,,,,,,,,,,,,,,,,
50,S,120,E,,,,,,,,,,,,,,,,,,,,,,,,,,,,,,,,,,,,,,,,,,,,,,,,
50,S,125,E,,,,,,,,,,,,,,,,,,,,,,,,,,,,,,,,,,,,,,,,,,,,,,,,
50,S,130,E,,,,,,,,,,,,,,,,,,,,,,,,,,,,,,,,,,,,,,,,,,,,,,,,
50,S,135,E,,,,,,,,,,,,,,,,,,,,,,,,,,,,,,,,,,,,,,,,,,,,,,,,
50,S,140,E,,,,,,,,,,,,,,,,,,,,,,,,,,,,,,,,,,,,,,,,,,93.191,151,48.176,,,,
50,S,145,E,,,,,,,,,,,,,,449.67,,822.59,1284.541,425.319,1826.842,814.702,2851.692,1845.426,1396.642,740.047,1028.573,483.965,764.623,883.345,873.67,176.592,849.781,618.165,78.304,676.976,208.113,258.16,,,120.591,,44.599,15.196,48.064,,54.669,,,
50,S,150,E,,,,,,,,,,,,,,,,,,96.027,,,,82.24,,,88.053,,,,,,,,,,,,,,,,,,,,,,,
50,S,155,E,,,,,,,,,,,,,,,,,,,,,,,,,,,,,,,,,,,,,,,,,,,,,,,,
50,S,160,E,,,,,,,,,,,,,,,,,,,,,35.253,,,,,,,,,,,,,,,,,,,,,11.697,16.113,,,,,
50,S,165,E,,,,,,,,,,,,,,,,,,,,,,,,,,,,57.312,,,91.588,,16.821,53.329,68.279,1021.502,669.7,586.81,174.576,92.113,214.178,276.366,263.728,127.482,111.288,167.443,77.63,88.663
50,S,170,E,,,,,,,,,,,,,,,,,,,,1067.591,1747.099,2416.021,1422.58,1088.786,1181.924,2289.364,2513.475,1149.894,440.149,2295.255,2955.227,1945.365,1032.035,437.612,907.04,451.311,243.904,451.546,260.144,161.447,23.188,52.341,,,,,,79.457
50,S,175,E,,,,,,,,,,,,,,,,,,,76.266,550.63,739.389,997.498,95.627,275.324,444.269,192.583,1056.043,255.172,134.929,127.301,398.324,435.579,196.451,122.514,59.456,,,5.376,,32.07,,3.352,,,,,,
50,S,180,W,,,,,,,,,,,,,,,,,,,,,,23.111,,,,,26.22,,,,,,,,,,,,,,,,,,,,,
50,S,175,W,,,,,,,,,,,,,,,,,,,,,,,,,,,,,,,,,,,,,,,,,,,,,,,,
50,S,170,W,,,,,,,,,,,,,,,,,,,,,,,,,,,,,,,,,,,,,,,,,,,,,,,,
50,S,165,W,,,,,,,,,,,,,,,,,,,,,,,,,,,,,,,,,,,,,,,,,,,,,,,,
50,S,160,W,,,,,,,,,,,,,,,,,,,,,,,,,,,,,,,,,,,,,,,,,,,,,,,,
50,S,155,W,,,,,,,,,,,,,,,,,,,,,,,,,,,,,,,,,,,,,,,,,,,,,,,,
50,S,150,W,,,,,,,,,,,,,,,,,,,,,,,,,,,,,,,,,,,,,,,,,,,,,,,,
50,S,145,W,,,,,,,,,,,,,,,,,,,,,,,,,,,,,,,,,,,,,,,,,,,,,,,,
50,S,140,W,,,,,,,,,,,,,,,,,,,,,,,,,,,,,,,,,,,,,,,,,,,,,,,,
50,S,135,W,,,,,,,,,,,,,,,,,,,,,,,,,,,,,,,,,,,,,,,,,,,,,,,,
55,S,105,E,,,,,,,,,,,,,,,,,,,,,,,,,,,,,,,,,,,,,,,,,,,,,,,,
55,S,110,E,,,,,,,,,,,,,,,,,,,,,,,,,,,,,,,,,,,,,,,,,,,,,,,,
55,S,115,E,,,,,,,,,,,,,,,,,,,,,,,,,,,,,,,,,,,,,,,,,,,,,,,,
55,S,120,E,,,,,,,,,,,,,,,,,,,,,,,,,,,,,,,,,,,,,,,,,,,,,,,,
55,S,125,E,,,,,,,,,,,,,,,,,,,,,,,,,,,,,,,,,,,,,,,,,,,,,,,,
55,S,130,E,,,,,,,,,,,,,,,,,,,,,,,,,,,,,,,,,,,,,,,,,,,,,,,,
55,S,135,E,,,,,,,,,,,,,,,,,,,,,,,,,,,,,,,,,,,,,,,,,,,,,,,,
55,S,140,E,,,,,,,,,,,,,,,,,,,,,,,,,,,,,,,,,,,,,,,,,,,,,,,,
55,S,145,E,,,,,,,,,,,,,,,,,,,193.133,,,554.024,,,55.86,,,,,,,,,,,,,,,,,,,,,,,
55,S,150,E,,,,,,,,,,,,,,,,,,,,,,,,,,,,,,,,,,,,,,,,,,,,,,,,
55,S,155,E,,,,,,,,,,,,,,,,,,,,,,,,,,,,,,,,,,,,,,,,,,,,,,,,
55,S,160,E,,,,,,,,,,,,,,,,,,,,,,,,,,,,,,,,,,,,,,,,,,,,,,,,
55,S,165,E,,,,,,,,,,,,,,,,,,,,,,,,,,,,,,,,,,,,,,,,,,,,,,,,
55,S,170,E,,,,,,,,,,,,,,,,,,,,,,,,,,,,,,,,,,,,,,,,,,,,,,,,
55,S,175,E,,,,,,,,,,,,,,,,,,,,,,,,,,,,,,,,,,,,,,,,,,,,,,,,
55,S,180,W,,,,,,,,,,,,,,,,,,,,,54.026,,,,,,,,,,,,,,,,,,,,,,,,,,,
55,S,175,W,,,,,,,,,,,,,,,,,,,,,,,,,,,,,,,,,,,,,,,,,,,,,,,,
55,S,170,W,,,,,,,,,,,,,,,,,,,,,,,,,,,,,,,,,,,,,,,,,,,,,,,,
55,S,165,W,,,,,,,,,,,,,,,,,,,,,,,,,,,,,,,,,,,,,,,,,,,,,,,,
55,S,160,W,,,,,,,,,,,,,,,,,,,,,,,,,,,,,,,,,,,,,,,,,,,,,,,,
55,S,155,W,,,,,,,,,,,,,,,,,,,,,,,,,,,,,,,,,,,,,,,,,,,,,,,,
55,S,150,W,,,,,,,,,,,,,,,,,,,,,,,,,,,,,,,,,,,,,,,,,,,,,,,,
55,S,145,W,,,,,,,,,,,,,,,,,,,,,,,,,,,,,,,,,,,,,,,,,,,,,,,,
55,S,140,W,,,,,,,,,,,,,,,,,,,,,,,,,,,,,,,,,,,,,,,,,,,,,,,,
